trial,STAR,RCV-IRV,RankedRobin,Approval,Plurality,Condorcet,differ_from_STAR,irv_fragile,ballot1(ABCDEF),ballot2(ABCDEF),ballot3(ABCDEF),ballot4(ABCDEF),ballot5(ABCDEF)
0,B,B,B,A,E,,Approval|Plurality,,"3,3,0,2,4,3","3,2,3,2,4,1","4,1,2,1,0,4","2,4,5,4,1,2","0,5,0,5,2,3"
1,F,A,F,F,A,F,RCV-IRV|Plurality,,"4,0,2,3,2,4","5,1,4,3,3,4","2,0,4,0,0,5","3,5,5,5,0,4","3,2,1,5,2,5"
2,F,A,F,F,A,F,RCV-IRV|Plurality,,"0,1,4,1,1,1","4,3,0,0,2,4","3,0,2,4,2,5","0,4,2,4,1,4","4,4,2,3,0,4"
3,E,D,D,D,C,,RCV-IRV|RankedRobin|Approval|Plurality,,"3,2,4,1,2,1","1,1,0,4,5,2","3,0,0,5,1,1","0,0,5,4,5,3","5,4,2,4,1,1"
5,F,F,F,F,A,F,Plurality,,"3,0,0,1,5,1","0,4,5,4,4,5","0,0,0,5,1,4","4,0,3,0,2,0","0,4,0,1,1,5"
7,A,A,B,D,A,,RankedRobin|Approval,,"2,5,3,4,1,5","5,1,0,5,1,1","2,4,2,0,4,3","5,1,0,3,5,3","4,4,2,5,2,3"
9,A,A,F,A,A,,RankedRobin,,"3,5,0,0,4,1","5,2,1,1,1,5","3,3,5,5,4,3","0,3,5,4,3,5","5,0,1,3,0,2"
10,F,F,F,A,A,F,Approval|Plurality,,"5,1,3,4,3,4","4,0,0,3,2,2","3,0,3,1,4,5","0,5,1,0,3,5","3,2,0,1,0,5"
11,D,B,D,D,B,,RCV-IRV|Plurality,,"0,5,4,4,0,1","0,4,5,1,2,2","5,1,0,3,3,5","0,0,2,3,0,2","1,5,4,5,5,2"
15,C,C,C,B,C,C,Approval,,"4,3,5,0,0,0","1,5,1,0,3,0","0,3,4,4,2,3","3,4,5,5,1,3","0,2,1,2,4,1"
16,B,B,B,A,B,,Approval,,"3,1,2,0,0,5","0,4,3,5,1,0","3,3,2,1,5,0","1,4,1,0,1,3","3,2,4,1,0,4"
17,C,C,C,C,D,,Plurality,,"3,1,4,3,5,5","3,4,3,5,2,3","3,5,5,1,4,4","1,0,2,5,5,2","2,0,4,1,2,4"
19,C,A,A,A,A,,RCV-IRV|RankedRobin|Approval|Plurality,,"0,5,4,4,0,5","3,1,2,4,4,3","3,3,4,4,1,0","5,0,5,1,2,4","4,2,2,0,3,2"
20,D,D,D,D,B,D,Plurality,,"2,3,3,3,0,1","5,1,1,2,5,2","0,0,3,3,1,3","4,5,0,5,5,1","2,3,0,4,3,3"
21,E,E,E,B,A,E,Approval|Plurality,,"3,0,0,3,1,0","0,4,4,1,5,2","0,5,4,5,2,1","3,3,0,0,4,5","3,4,5,2,5,0"
23,C,A,C,C,A,C,RCV-IRV|Plurality,,"1,1,0,5,4,5","4,3,4,2,0,1","3,4,3,0,0,3","0,0,3,1,5,0","3,3,5,3,0,3"
24,C,F,C,C,A,,RCV-IRV|Plurality,,"2,5,2,0,2,0","0,2,5,0,2,2","1,0,1,2,0,4","1,1,0,1,5,5","5,0,5,0,2,2"
25,A,A,E,A,A,,RankedRobin,,"5,0,4,1,1,1","3,0,3,2,5,2","1,0,1,2,2,3","2,2,4,5,2,1","4,0,0,4,4,2"
26,B,B,B,A,B,,Approval,,"1,3,1,1,1,2","4,1,1,1,2,2","3,5,0,1,4,0","3,0,5,0,1,3","2,4,3,5,1,4"
27,E,E,E,A,E,E,Approval,,"3,2,5,2,0,1","3,5,2,5,4,0","3,3,0,3,5,2","3,1,2,2,3,0","1,0,2,0,4,4"
31,F,F,F,F,C,F,Plurality,,"0,3,5,4,3,5","2,2,3,2,4,5","1,1,0,5,0,3","3,4,3,1,4,5","2,2,5,3,5,3"
32,A,B,D,B,A,,RCV-IRV|RankedRobin|Approval,,"1,3,3,5,4,2","3,5,0,3,2,1","5,3,0,4,1,0","2,3,3,0,4,0","5,0,5,5,5,3"
34,B,B,A,A,B,,RankedRobin|Approval,,"5,1,4,2,1,1","1,3,2,3,3,3","3,5,1,1,3,1","4,5,0,3,0,1","5,0,1,2,0,5"
35,D,A,D,A,A,D,RCV-IRV|Approval|Plurality,,"5,5,1,1,4,2","4,0,5,4,2,2","3,3,0,5,5,4","5,5,4,5,3,4","3,3,2,5,3,1"
36,F,A,F,F,A,,RCV-IRV|Plurality,,"2,2,0,0,0,1","2,0,2,5,0,1","0,3,5,1,4,3","4,1,3,1,2,4","0,4,0,2,2,4"
38,E,C,E,E,A,E,RCV-IRV|Plurality,,"0,0,3,3,5,3","0,3,3,3,3,0","0,0,1,0,1,3","1,3,4,0,3,4","3,0,1,1,3,1"
39,B,B,B,A,A,,Approval|Plurality,,"1,2,2,2,3,0","4,2,4,4,1,5","2,3,4,4,3,4","5,2,2,1,0,0","4,5,0,1,5,3"
40,D,A,D,D,A,,RCV-IRV|Plurality,,"1,1,2,5,5,0","5,4,4,3,0,0","3,5,2,0,5,4","2,1,5,5,5,4","5,2,1,5,1,0"
42,D,B,F,A,B,,RCV-IRV|RankedRobin|Approval|Plurality,,"5,1,1,5,1,1","3,2,4,4,1,5","3,0,4,0,4,4","2,3,3,2,0,1","4,5,1,5,3,5"
43,B,A,B,B,A,B,RCV-IRV|Plurality,,"3,4,2,5,0,2","1,4,3,5,1,2","2,3,0,1,0,2","5,5,1,2,3,5","5,5,5,1,2,2"
47,A,A,C,C,A,,RankedRobin|Approval,,"2,2,5,5,3,0","5,0,3,0,2,2","5,1,3,1,4,2","1,5,3,2,2,3","3,0,2,4,2,4"
49,F,F,F,F,A,F,Plurality,,"2,3,2,1,0,4","2,1,4,5,5,4","5,2,1,1,2,5","0,4,0,4,1,2","2,2,5,2,2,3"
51,F,F,F,B,F,F,Approval,,"1,4,0,4,5,4","4,3,3,2,2,2","0,3,5,2,2,4","4,4,2,2,1,5","3,1,0,4,1,5"
52,A,A,A,B,A,,Approval,,"5,4,3,2,3,0","4,3,5,4,1,0","2,4,1,5,1,5","2,5,5,3,0,5","5,1,4,1,2,1"
53,D,A,D,D,E,D,RCV-IRV|Plurality,,"3,0,4,3,1,5","5,3,4,5,0,1","1,3,0,3,5,3","2,2,3,2,4,2","0,2,0,3,0,2"
54,E,E,E,C,E,E,Approval,,"1,3,3,3,5,5","5,3,5,0,4,3","2,4,1,4,5,2","2,0,3,3,4,1","0,0,4,2,2,0"
55,E,E,E,E,A,E,Plurality,,"0,1,5,0,5,4","3,0,2,0,2,3","1,5,2,3,5,1","4,1,3,2,4,0","1,1,1,3,5,5"
56,B,B,B,A,A,,Approval|Plurality,,"5,5,0,5,4,0","4,5,5,5,5,3","1,2,4,0,0,4","1,2,1,2,2,5","5,2,2,4,3,1"
58,F,B,F,F,B,,RCV-IRV|Plurality,,"2,0,0,0,3,4","2,4,3,2,3,4","2,5,0,1,2,0","1,5,1,0,2,4","1,0,3,5,0,5"
59,E,E,B,B,A,,RankedRobin|Approval|Plurality,,"2,3,0,4,5,1","2,0,3,0,3,2","4,4,2,5,2,4","3,3,1,0,3,2","1,3,0,2,0,0"
60,F,A,F,F,A,,RCV-IRV|Plurality,,"0,2,0,1,3,4","5,5,0,2,3,4","5,5,3,3,0,0","4,3,2,0,5,4","0,0,2,2,0,3"
62,B,B,B,B,A,,Plurality,,"2,2,1,1,2,1","1,3,3,2,4,1","3,4,0,1,4,0","5,3,5,1,1,0","0,2,4,0,0,0"
63,B,B,B,F,B,B,Approval,,"0,4,4,1,1,5","3,0,3,3,4,5","2,5,1,1,2,4","1,4,3,0,1,3","4,5,2,0,3,3"
64,B,B,B,B,A,B,Plurality,,"1,3,3,1,3,1","5,3,3,4,0,2","2,4,2,4,0,4","4,3,1,2,0,4","2,3,5,0,4,0"
65,F,D,F,E,B,F,RCV-IRV|Approval|Plurality,,"1,5,3,0,3,5","3,3,0,5,3,4","3,1,1,2,3,3","1,4,2,4,0,2","2,1,5,2,3,5"
66,C,C,E,C,C,,RankedRobin,,"4,0,1,2,1,5","4,2,2,3,5,0","2,4,3,0,5,3","2,3,5,1,2,1","1,0,4,2,1,0"
67,B,A,B,B,A,B,RCV-IRV|Plurality,,"3,4,3,3,0,5","5,5,5,0,3,4","5,4,1,1,1,1","1,1,0,4,1,3","2,4,5,2,5,2"
69,D,D,D,B,A,,Approval|Plurality,,"0,4,4,5,5,4","0,5,5,5,1,4","5,4,4,0,2,5","5,4,1,3,0,0","0,0,2,5,3,2"
70,B,B,B,C,B,B,Approval,,"0,5,3,2,4,5","2,5,3,1,1,4","4,0,4,1,0,5","1,4,3,4,5,1","3,5,5,3,2,0"
71,A,A,F,F,A,,RankedRobin|Approval,,"4,1,3,1,3,4","0,3,0,5,4,3","2,1,4,3,0,3","4,0,2,4,3,4","5,3,3,2,1,1"
73,D,C,D,D,C,,RCV-IRV|Plurality,,"1,0,0,3,4,5","4,3,5,5,0,3","4,2,2,0,5,0","1,1,3,2,2,1","0,3,2,4,2,0"
74,F,A,F,F,A,,RCV-IRV|Plurality,,"0,2,4,3,1,5","2,3,1,1,2,1","5,3,5,2,2,3","4,1,0,3,2,4","3,1,5,5,2,5"
76,F,F,F,B,F,F,Approval,,"5,3,4,2,3,1","2,4,5,0,0,3","2,3,1,3,0,4","0,3,0,2,1,5","2,1,0,1,5,2"
78,A,D,D,A,C,,RCV-IRV|RankedRobin|Plurality,,"1,3,0,4,2,0","4,2,5,2,2,5","3,5,1,4,4,0","2,0,5,0,2,0","5,1,4,5,1,3"
79,C,C,C,A,C,C,Approval,,"1,4,5,2,1,3","4,4,0,4,0,5","3,0,4,3,3,1","3,4,2,1,3,2","3,0,4,4,2,1"
80,E,E,E,E,B,E,Plurality,,"3,1,2,3,3,0","3,5,0,4,3,3","1,3,1,2,3,3","1,1,3,2,2,5","3,4,1,4,5,0"
81,D,A,D,D,A,D,RCV-IRV|Plurality,yes,"1,2,4,5,5,0","0,1,2,0,2,4","1,3,3,5,1,3","3,1,1,3,0,2","5,4,1,5,2,1"
82,C,C,C,D,A,C,Approval|Plurality,,"4,4,5,4,4,3","1,5,5,4,3,5","4,1,4,3,0,1","3,4,2,4,5,1","0,0,0,1,1,3"
83,C,C,C,A,C,C,Approval,,"5,4,1,5,5,0","4,3,5,5,2,5","2,3,5,1,1,2","4,2,5,3,3,3","5,2,3,0,1,1"
84,E,C,E,C,C,E,RCV-IRV|Approval|Plurality,,"0,1,3,3,5,4","1,2,5,0,0,3","1,0,3,4,4,3","4,1,5,0,5,1","4,5,3,2,3,4"
86,B,A,A,A,A,,RCV-IRV|RankedRobin|Approval|Plurality,,"3,5,4,2,1,4","2,0,0,1,2,5","4,4,3,0,4,3","3,2,3,5,0,0","3,4,5,1,1,0"
87,C,C,C,B,C,,Approval,,"0,5,3,1,0,5","2,2,3,0,2,2","2,4,5,1,5,4","4,0,2,4,4,0","1,3,0,5,2,2"
88,E,A,E,C,A,,RCV-IRV|Approval|Plurality,,"1,2,0,4,4,3","0,2,4,0,4,0","4,1,3,0,4,1","2,0,4,5,1,1","5,5,1,3,1,4"
89,C,E,C,C,A,,RCV-IRV|Plurality,,"5,5,3,2,1,2","5,2,4,1,1,3","2,1,2,4,5,0","0,5,2,2,5,2","0,0,4,0,2,0"
90,F,D,F,E,D,F,RCV-IRV|Approval|Plurality,yes,"1,5,2,1,4,4","2,3,0,3,4,4","3,0,0,4,3,2","1,2,1,5,3,5","5,2,0,0,0,5"
92,F,F,F,D,A,F,Approval|Plurality,,"2,1,4,0,1,5","3,3,0,1,0,2","0,1,1,3,0,2","4,3,0,4,1,3","2,2,3,3,3,5"
93,C,A,C,C,A,C,RCV-IRV|Plurality,,"0,1,5,4,2,1","1,1,1,2,1,1","4,2,4,0,1,1","5,3,5,1,1,4","1,4,5,1,5,1"
94,F,A,F,A,A,,RCV-IRV|Approval|Plurality,,"4,2,5,5,0,5","3,1,0,3,1,3","4,3,1,3,4,4","3,0,1,0,4,0","0,0,5,1,5,3"
95,F,B,F,F,B,F,RCV-IRV|Plurality,,"3,5,2,3,2,5","3,2,5,0,1,4","1,5,1,0,0,4","0,5,3,1,3,5","5,1,4,5,4,2"
96,E,D,E,C,D,,RCV-IRV|Approval|Plurality,,"0,4,1,2,5,2","2,2,4,5,5,2","1,0,3,5,1,4","3,2,3,2,3,1","3,2,5,2,2,5"
97,F,F,F,D,F,F,Approval,,"4,3,3,4,3,5","4,2,5,4,1,1","3,1,2,4,1,4","1,4,4,4,4,5","3,2,2,3,2,3"
98,B,B,B,B,A,B,Plurality,,"5,4,0,5,1,2","3,5,0,0,1,4","0,2,0,1,1,4","1,5,2,4,2,0","5,5,0,0,4,1"
100,D,A,D,D,A,,RCV-IRV|Plurality,,"4,4,3,4,5,1","0,0,3,4,0,5","5,5,1,4,0,3","2,2,5,5,4,1","5,0,2,1,2,5"
101,C,A,C,C,B,,RCV-IRV|Plurality,,"5,2,3,3,4,2","2,5,0,3,1,0","4,2,4,5,3,4","3,3,5,1,4,3","1,5,5,0,4,0"
103,F,F,F,D,F,F,Approval,,"0,5,3,5,4,5","1,0,1,3,0,0","4,3,1,4,5,5","2,3,3,4,0,5","3,4,1,4,1,5"
104,E,B,E,E,B,E,RCV-IRV|Plurality,,"1,4,1,0,4,3","2,2,2,1,3,5","0,5,0,4,0,0","5,2,1,1,4,1","0,2,0,5,2,1"
105,E,B,E,B,A,,RCV-IRV|Approval|Plurality,,"2,4,0,0,2,1","2,3,2,5,3,3","4,4,0,0,2,3","3,3,4,3,4,3","4,0,1,1,5,3"
106,B,A,B,B,A,B,RCV-IRV|Plurality,,"4,2,1,0,1,1","0,3,5,4,0,5","0,4,2,4,2,2","5,5,3,3,4,2","5,5,4,3,4,2"
107,A,A,D,A,A,,RankedRobin,,"1,4,0,5,3,2","2,4,0,1,4,0","3,0,2,3,4,1","4,0,4,4,0,0","4,2,0,2,1,2"
108,B,B,F,B,B,,RankedRobin,,"2,3,3,3,0,5","1,5,5,3,5,5","2,5,5,1,0,5","3,4,5,1,3,5","2,5,4,3,1,0"
109,D,A,D,D,A,D,RCV-IRV|Plurality,,"5,3,4,4,5,1","4,3,2,4,2,3","4,5,1,4,3,3","1,2,3,2,1,1","2,1,4,4,2,3"
110,C,C,C,E,C,C,Approval,,"1,4,2,4,5,1","2,1,1,2,4,1","4,5,5,4,0,3","3,1,5,1,4,2","4,1,5,0,4,3"
111,E,C,E,C,C,E,RCV-IRV|Approval|Plurality,,"1,2,3,2,4,1","2,3,2,5,0,0","1,1,4,1,4,3","0,2,4,2,5,3","3,2,5,5,5,5"
113,E,E,E,E,A,E,Plurality,,"4,0,4,1,0,0","0,5,2,0,4,3","5,1,4,4,4,1","2,2,1,1,4,1","1,1,1,2,3,2"
115,F,D,F,E,A,,RCV-IRV|Approval|Plurality,,"0,1,1,5,4,5","0,3,1,1,3,4","0,4,2,1,5,1","3,2,5,3,1,5","5,5,2,5,5,1"
116,F,F,F,C,F,,Approval,,"0,2,3,2,2,4","4,2,1,2,4,3","0,1,3,0,4,5","0,4,1,5,3,1","3,2,5,4,1,1"
117,F,A,F,A,A,F,RCV-IRV|Approval|Plurality,,"5,0,2,3,2,3","4,0,2,3,5,5","3,4,1,5,5,4","4,1,5,0,2,4","3,4,4,3,1,3"
118,E,A,E,B,A,E,RCV-IRV|Approval|Plurality,,"1,3,0,0,4,3","0,4,5,3,5,5","1,0,1,1,1,0","4,3,3,0,4,1","4,1,1,3,0,1"
119,B,A,B,B,A,B,RCV-IRV|Plurality,,"0,4,1,4,1,4","4,4,5,4,3,4","3,5,2,5,3,5","5,4,0,2,2,1","5,5,0,1,3,1"
120,A,D,E,A,A,,RCV-IRV|RankedRobin,,"4,5,1,0,1,1","3,3,0,4,2,5","2,3,2,5,5,5","5,2,5,0,4,0","3,2,4,4,5,0"
121,F,C,F,C,A,,RCV-IRV|Approval|Plurality,,"1,1,3,1,0,3","2,1,4,5,2,5","5,1,0,4,2,2","5,5,0,2,1,1","2,4,5,3,5,5"
122,C,B,B,C,E,,RCV-IRV|RankedRobin|Plurality,,"5,3,3,0,1,3","0,2,5,5,1,4","1,4,3,2,1,4","1,4,3,2,5,1","0,1,1,3,4,3"
123,E,E,E,C,E,E,Approval,,"1,0,2,3,4,0","5,2,5,0,0,3","1,4,0,0,5,5","4,0,3,2,5,4","2,5,4,3,1,1"
124,C,A,C,C,A,C,RCV-IRV|Plurality,yes,"5,0,5,4,5,4","1,3,5,5,1,0","1,1,5,4,5,1","5,1,4,4,1,0","0,2,0,2,4,3"
126,E,E,E,E,A,,Plurality,,"0,2,3,4,4,4","1,5,2,5,4,5","4,3,1,2,0,3","5,5,2,1,5,2","2,0,2,1,3,0"
127,B,A,B,A,A,,RCV-IRV|Approval|Plurality,,"3,5,3,0,5,2","4,4,3,3,4,4","5,4,1,1,0,2","0,3,5,2,1,3","3,2,4,3,1,4"
129,D,A,D,E,A,,RCV-IRV|Approval|Plurality,,"5,2,3,3,3,2","4,0,0,4,3,1","0,0,4,5,3,5","3,1,3,5,5,0","3,0,5,2,4,1"
131,B,B,B,E,B,,Approval,,"2,5,1,2,4,0","4,2,0,0,4,4","2,5,0,1,0,5","1,3,1,1,3,2","5,1,3,5,4,0"
132,A,E,A,A,A,,RCV-IRV,,"4,3,0,0,0,2","0,5,3,1,2,5","3,1,3,5,4,4","4,2,1,3,5,0","4,3,4,1,2,2"
133,E,D,E,C,D,E,RCV-IRV|Approval|Plurality,,"4,2,3,5,5,3","5,5,2,2,2,1","1,1,3,2,5,0","2,3,4,5,2,5","1,0,0,3,5,4"
134,D,A,D,D,D,,RCV-IRV,,"1,1,3,5,4,2","4,1,0,3,3,3","3,2,0,1,4,1","0,3,1,5,0,5","4,5,5,4,3,4"
135,B,F,B,B,B,,RCV-IRV,,"2,1,0,3,0,4","3,5,5,2,5,0","1,4,2,3,3,5","4,5,2,0,0,0","2,3,5,3,3,5"
136,E,A,E,A,A,,RCV-IRV|Approval|Plurality,,"5,5,1,2,3,3","4,0,5,3,5,2","5,3,1,3,5,3","3,5,4,5,4,2","3,4,2,2,3,4"
137,F,F,F,F,D,,Plurality,,"5,1,2,0,3,3","3,2,0,5,1,2","1,3,0,4,2,1","1,3,0,0,1,4","0,1,5,1,0,5"
138,E,E,B,B,B,,RankedRobin|Approval|Plurality,,"4,5,3,5,3,1","2,3,3,2,4,0","1,3,1,0,5,0","3,5,2,5,2,2","3,0,4,2,2,3"
139,B,B,D,D,B,,RankedRobin|Approval,,"0,0,5,5,2,1","3,5,2,4,1,3","0,3,0,0,0,2","0,2,2,0,0,0","4,0,1,4,1,3"
140,A,B,A,A,B,A,RCV-IRV|Plurality,,"5,0,4,1,0,5","4,1,0,0,5,0","4,5,0,1,0,3","3,0,0,3,5,3","4,5,1,4,0,1"
142,C,C,C,C,A,C,Plurality,,"3,2,5,2,2,4","2,0,0,0,1,2","5,5,5,1,5,1","1,0,3,5,3,5","1,2,2,1,0,1"
143,C,E,C,A,A,,RCV-IRV|Approval|Plurality,,"5,2,5,2,1,5","0,4,3,1,5,2","2,1,5,0,4,5","5,1,2,3,0,2","3,4,2,0,5,2"
144,F,C,F,D,C,,RCV-IRV|Approval|Plurality,,"1,3,0,3,4,2","1,2,0,5,2,5","0,2,5,3,0,5","2,1,5,5,1,2","2,4,5,0,1,3"
146,B,A,B,B,A,B,RCV-IRV|Plurality,,"4,4,2,2,2,0","0,3,2,1,3,1","5,5,5,5,5,5","5,3,4,0,5,1","4,5,3,3,3,1"
147,F,A,F,C,A,F,RCV-IRV|Approval|Plurality,,"1,5,3,3,3,5","5,5,5,1,2,0","5,1,4,0,2,5","1,0,1,2,1,3","2,4,5,3,2,4"
149,D,D,A,A,A,,RankedRobin|Approval|Plurality,,"4,0,2,5,0,0","3,5,3,4,2,4","3,4,3,4,5,5","5,3,4,1,4,0","4,2,1,2,3,0"
152,D,A,D,D,A,,RCV-IRV|Plurality,,"0,0,4,5,0,2","5,2,4,2,1,0","5,3,3,3,5,1","0,3,2,3,3,5","3,3,1,3,1,3"
153,A,D,D,A,D,,RCV-IRV|RankedRobin|Plurality,,"5,1,2,0,1,3","2,2,2,3,2,1","1,3,1,5,2,1","3,1,0,4,4,4","3,5,2,1,0,5"
154,F,C,F,D,C,,RCV-IRV|Approval|Plurality,,"2,1,2,2,5,5","0,0,3,2,2,2","2,0,1,5,5,2","5,1,1,4,1,3","1,0,5,4,2,5"
158,C,C,F,B,F,,RankedRobin|Approval|Plurality,,"0,4,5,4,1,2","1,4,4,5,0,2","3,1,0,0,3,4","4,4,4,4,4,5","5,3,3,2,4,2"
160,F,F,E,E,E,,RankedRobin|Approval|Plurality,,"5,4,4,5,2,3","1,3,5,0,4,5","1,4,0,3,5,0","3,1,1,0,4,5","1,2,2,2,3,2"
161,A,A,A,B,A,,Approval,,"4,3,3,2,2,4","2,3,4,2,3,5","2,3,2,5,0,1","5,3,2,3,3,5","5,5,1,1,3,1"
163,C,B,B,A,B,,RCV-IRV|RankedRobin|Approval|Plurality,,"4,1,5,2,2,0","0,3,3,1,2,4","4,1,4,1,4,4","3,4,2,0,1,3","0,5,1,5,1,1"
164,D,B,D,D,A,D,RCV-IRV|Plurality,,"5,2,2,5,2,1","3,5,2,4,0,0","3,0,0,1,2,3","1,2,3,4,0,2","0,3,4,3,2,1"
165,B,B,B,A,B,,Approval,,"3,5,0,2,2,1","0,4,2,3,0,4","5,1,1,5,4,4","2,5,5,3,5,0","3,2,3,2,0,3"
167,E,C,E,E,A,E,RCV-IRV|Plurality,,"1,5,4,2,4,1","0,0,1,0,1,3","5,5,1,0,3,2","2,2,4,2,3,4","5,0,2,3,3,1"
168,E,E,E,E,A,E,Plurality,,"5,5,3,0,4,4","5,3,5,2,1,4","2,2,1,1,5,5","2,1,0,2,5,3","1,2,2,5,4,1"
172,F,A,F,F,A,F,RCV-IRV|Plurality,,"5,4,3,4,0,5","0,5,0,0,1,3","3,4,1,5,1,5","4,0,0,0,3,3","2,1,3,0,5,2"
174,E,B,E,D,B,E,RCV-IRV|Approval|Plurality,,"2,1,1,4,5,3","2,0,3,0,4,3","1,3,1,3,3,1","4,5,3,4,5,2","0,5,4,4,1,1"
175,E,B,B,E,F,,RCV-IRV|RankedRobin|Plurality,,"4,3,3,1,4,5","0,4,0,1,1,2","0,2,0,1,4,5","4,4,1,4,3,2","0,2,1,0,4,1"
176,C,A,C,C,A,C,RCV-IRV|Plurality,,"5,3,5,4,2,3","0,1,4,2,1,2","5,0,5,2,3,2","2,0,2,5,0,2","2,1,2,1,1,1"
177,E,A,E,D,A,,RCV-IRV|Approval|Plurality,,"1,5,3,0,4,2","5,1,2,3,0,4","5,0,4,3,5,0","2,5,1,4,2,5","0,0,4,3,5,4"
180,F,F,F,C,C,,Approval|Plurality,,"4,0,3,5,3,4","2,1,1,1,5,5","0,0,4,4,1,2","2,3,4,1,3,1","4,4,1,2,1,5"
181,E,E,E,E,A,E,Plurality,,"0,2,1,0,4,2","4,1,0,5,5,4","0,5,5,3,4,4","5,3,2,2,4,0","1,0,5,3,2,4"
182,B,A,B,B,A,B,RCV-IRV|Plurality,,"5,2,1,4,2,2","5,5,5,0,3,1","0,5,0,3,5,2","2,2,3,0,2,5","2,5,1,2,5,2"
183,F,A,F,F,B,,RCV-IRV|Plurality,,"2,5,3,1,0,3","5,4,4,2,3,4","0,4,0,2,0,3","1,0,1,0,5,4","2,1,5,2,1,4"
185,D,A,D,D,A,,RCV-IRV|Plurality,,"5,1,1,3,2,2","4,2,5,5,4,2","5,5,3,4,4,0","1,1,5,1,1,0","1,0,0,4,4,0"
186,F,B,F,B,B,F,RCV-IRV|Approval|Plurality,,"4,5,4,3,3,5","3,3,0,5,4,5","4,5,2,5,4,1","1,4,2,4,2,5","3,4,4,0,3,4"
188,C,B,B,C,B,,RCV-IRV|RankedRobin|Plurality,,"5,2,4,0,4,1","4,5,5,0,0,0","2,5,3,0,4,5","0,3,5,1,2,4","2,2,1,5,3,4"
189,F,C,F,B,C,F,RCV-IRV|Approval|Plurality,,"3,3,2,2,0,4","4,4,2,0,2,5","0,1,3,3,2,2","2,4,5,5,1,5","1,4,3,3,2,3"
191,D,D,D,D,B,D,Plurality,,"4,1,2,4,2,5","2,3,0,3,1,1","2,1,0,5,0,3","3,3,5,4,0,2","0,5,0,3,2,1"
192,F,A,F,F,A,F,RCV-IRV|Plurality,,"5,1,3,0,5,5","3,4,0,2,0,1","0,0,2,3,4,5","4,2,0,2,3,4","2,2,2,1,0,5"
195,D,D,D,A,B,D,Approval|Plurality,,"1,4,1,3,3,0","2,2,2,4,0,1","4,0,2,2,2,0","4,5,5,2,2,0","3,1,2,4,2,1"
196,F,A,C,C,A,,RCV-IRV|RankedRobin|Approval|Plurality,,"1,4,1,4,1,4","0,2,4,4,4,5","4,0,4,1,2,2","3,2,3,1,3,3","2,0,2,1,2,1"
198,B,B,B,C,B,B,Approval,,"3,2,4,5,1,3","0,5,4,1,3,4","3,3,4,3,3,3","0,2,1,1,2,0","4,4,3,1,4,3"
199,D,B,D,F,D,,RCV-IRV|Approval,,"1,5,1,2,0,3","2,3,2,4,1,2","4,0,3,5,1,2","1,2,0,2,4,3","5,1,0,1,4,3"
200,F,C,F,F,C,F,RCV-IRV|Plurality,,"1,2,5,5,4,4","1,1,3,4,5,5","3,2,5,3,4,5","1,0,5,4,3,5","3,2,2,1,2,3"
201,B,A,B,B,A,B,RCV-IRV|Plurality,,"2,3,5,4,1,3","1,5,1,3,3,0","5,5,3,1,4,2","5,3,0,2,2,1","1,1,2,1,1,2"
203,B,B,B,F,B,B,Approval,,"0,2,5,3,4,3","2,5,4,1,0,3","3,5,0,4,2,4","2,5,1,0,0,1","3,2,0,2,2,4"
204,B,A,B,B,A,B,RCV-IRV|Plurality,,"4,4,3,4,5,0","0,4,4,1,1,2","5,4,3,1,0,0","0,5,2,1,3,4","5,5,0,3,1,2"
206,D,D,C,A,D,,RankedRobin|Approval,,"4,1,4,0,4,5","0,2,3,5,0,0","0,2,2,0,4,2","0,1,2,4,0,0","3,3,1,2,1,1"
207,A,A,A,D,A,A,Approval,,"1,1,0,5,4,0","3,3,4,4,1,3","1,1,4,0,2,1","5,2,0,3,3,1","5,3,2,3,1,3"
208,A,A,A,D,A,,Approval,,"5,1,4,1,4,3","2,3,2,3,1,1","5,4,4,3,0,1","4,2,5,4,2,0","2,3,1,3,1,2"
210,D,B,D,D,B,,RCV-IRV|Plurality,,"0,0,2,5,5,5","0,4,5,5,0,5","4,5,0,4,4,0","1,4,4,3,2,0","0,1,0,1,4,1"
211,C,B,D,B,C,,RCV-IRV|RankedRobin|Approval,,"1,3,4,2,3,1","0,4,4,3,0,1","1,3,5,5,3,0","1,1,0,1,3,5","3,3,2,4,1,4"
212,E,E,C,B,A,,RankedRobin|Approval|Plurality,,"0,4,5,5,3,1","5,3,5,4,1,0","2,3,4,3,5,3","4,5,3,2,5,4","1,0,2,4,4,1"
213,E,E,E,B,C,E,Approval|Plurality,,"2,5,2,1,4,3","2,2,3,2,5,2","1,0,2,2,1,0","1,3,4,1,2,1","3,3,1,2,4,2"
215,B,B,B,B,A,B,Plurality,,"5,4,4,0,0,0","1,4,4,1,1,5","2,3,1,4,2,3","1,5,0,2,1,4","1,1,1,0,5,0"
217,B,A,B,B,A,,RCV-IRV|Plurality,,"3,3,1,1,5,0","4,4,0,4,1,5","5,5,4,3,2,2","1,5,4,0,2,5","2,0,5,4,4,1"
218,D,D,D,D,C,D,Plurality,,"0,3,0,3,2,2","3,1,0,5,4,1","1,3,5,5,5,5","1,2,4,4,4,0","0,1,0,4,5,2"
219,C,A,C,A,A,,RCV-IRV|Approval|Plurality,,"2,3,5,4,2,2","4,2,2,1,0,5","3,4,0,5,0,1","1,2,3,1,4,2","5,2,5,2,2,4"
220,C,C,C,C,A,,Plurality,,"5,0,4,0,5,3","5,0,4,5,3,3","0,5,0,5,3,5","1,3,5,1,3,4","0,2,3,2,2,1"
221,D,D,D,D,A,,Plurality,,"0,5,4,3,4,2","4,1,4,5,5,5","0,1,3,5,5,5","4,3,1,4,4,0","5,1,2,4,1,2"
222,E,C,E,A,A,,RCV-IRV|Approval|Plurality,yes,"0,4,2,5,5,2","3,1,0,1,4,2","1,3,2,0,0,3","3,4,5,0,5,1","5,0,2,3,1,2"
224,E,E,E,E,A,E,Plurality,,"1,0,0,1,3,3","3,5,0,1,4,2","5,2,5,0,4,1","2,3,3,0,4,5","5,2,0,5,3,2"
225,F,F,F,B,A,F,Approval|Plurality,,"1,4,4,0,0,2","5,3,1,2,2,5","0,0,0,5,4,3","1,3,1,3,4,5","5,3,4,3,1,1"
226,F,F,F,C,F,F,Approval,,"0,4,3,0,3,5","5,2,5,1,0,4","4,2,3,4,1,5","3,5,3,0,1,2","2,4,2,5,3,4"
227,C,A,C,A,A,C,RCV-IRV|Approval|Plurality,,"0,5,3,0,3,2","5,3,5,4,2,3","4,0,5,2,1,3","3,2,3,5,1,5","3,2,0,2,5,4"
228,D,D,D,A,F,D,Approval|Plurality,,"1,4,1,5,4,2","5,0,1,5,0,4","4,5,5,5,4,3","4,3,2,1,0,5","3,2,2,3,0,5"
230,D,D,D,D,B,D,Plurality,,"0,0,3,3,2,1","5,0,0,5,4,0","0,5,1,3,2,0","3,2,0,4,1,0","2,5,2,5,4,5"
235,A,A,A,F,A,A,Approval,,"5,5,4,4,0,3","5,5,0,2,3,3","2,1,1,2,3,3","5,4,2,5,5,5","1,1,0,3,1,1"
236,D,E,D,D,B,,RCV-IRV|Plurality,,"1,0,2,3,5,0","0,4,4,4,0,2","1,1,2,3,3,2","2,2,2,3,5,1","3,5,1,5,3,1"
237,D,B,B,A,B,,RCV-IRV|RankedRobin|Approval|Plurality,,"3,4,5,2,2,0","0,5,1,5,2,2","5,1,0,5,2,2","4,0,0,5,3,5","4,5,4,1,0,3"
240,D,C,D,D,B,,RCV-IRV|Plurality,,"0,4,0,4,1,1","4,1,3,1,3,1","0,4,0,4,3,3","3,2,5,3,2,4","4,4,5,5,0,1"
241,C,C,C,C,A,C,Plurality,,"4,5,5,5,5,0","3,3,3,2,3,1","0,0,5,5,2,3","3,1,4,4,0,4","5,1,4,2,1,5"
242,D,A,D,D,A,,RCV-IRV|Plurality,,"1,2,4,4,5,1","3,4,0,5,2,3","1,0,4,2,3,1","5,3,4,3,0,2","3,2,2,3,2,3"
243,E,E,E,E,A,E,Plurality,,"5,2,0,1,3,2","1,0,2,0,3,3","1,4,3,1,5,5","5,5,5,5,3,2","0,0,1,5,2,0"
245,D,E,D,D,E,,RCV-IRV|Plurality,,"4,1,5,5,2,2","1,1,2,3,5,2","2,3,3,3,1,4","3,1,2,3,5,3","3,0,2,3,2,5"
246,E,A,A,A,A,,RCV-IRV|RankedRobin|Approval|Plurality,,"0,2,3,2,5,5","3,0,0,5,4,2","5,2,4,3,2,5","5,3,0,2,5,3","5,3,4,0,3,4"
247,A,A,F,A,A,,RankedRobin,,"2,5,0,2,0,4","3,4,4,3,1,5","5,0,2,4,4,1","4,4,1,5,0,4","3,0,4,0,2,2"
248,D,A,D,D,A,,RCV-IRV|Plurality,,"2,0,3,5,5,1","4,4,0,4,5,4","4,3,2,3,2,4","5,4,5,1,2,1","1,1,3,5,1,1"
250,B,B,E,E,B,,RankedRobin|Approval,,"3,2,2,3,3,2","1,5,4,2,4,4","0,5,2,3,2,0","4,1,4,3,4,4","3,4,2,2,4,1"
252,C,B,C,C,B,C,RCV-IRV|Plurality,,"0,3,5,3,4,4","4,1,0,0,2,3","4,2,5,1,3,3","1,5,5,5,4,4","2,4,4,3,2,0"
254,F,A,F,A,A,,RCV-IRV|Approval|Plurality,,"4,2,2,3,2,1","0,3,5,3,5,4","4,4,0,4,4,5","4,3,2,0,2,4","3,0,5,5,4,5"
255,D,D,D,C,D,D,Approval,,"2,0,4,2,0,4","1,2,5,1,2,3","1,3,2,5,5,4","0,2,2,4,3,1","3,3,4,5,4,2"
256,F,B,F,F,A,F,RCV-IRV|Plurality,,"3,3,3,1,1,3","0,1,0,3,0,1","0,1,4,1,5,5","0,5,0,3,1,4","0,1,3,1,0,3"
258,C,B,C,D,B,,RCV-IRV|Approval|Plurality,,"1,2,2,1,5,5","3,1,2,5,1,1","1,5,4,3,3,3","0,4,1,4,0,2","0,0,3,0,1,1"
260,F,F,F,E,E,F,Approval|Plurality,,"1,5,3,4,0,2","1,0,1,2,5,4","2,0,3,2,5,1","1,1,2,0,4,5","0,0,0,1,2,4"
261,F,F,F,C,F,F,Approval,,"5,0,4,3,2,5","1,1,3,3,3,1","4,0,4,4,1,5","0,2,4,1,0,5","2,5,3,2,1,1"
265,A,A,F,A,A,,RankedRobin,,"2,0,5,4,2,2","5,0,0,4,0,3","0,1,0,0,2,2","5,0,0,0,1,4","4,0,5,2,2,4"
267,D,D,D,B,A,D,Approval|Plurality,,"0,5,3,2,1,0","0,4,1,5,3,4","1,1,4,5,2,2","5,3,4,5,0,4","3,1,2,2,0,2"
269,A,A,A,C,A,A,Approval,,"5,4,3,1,4,3","2,0,5,1,4,3","2,4,0,0,0,0","5,5,5,1,4,3","5,2,4,0,0,3"
271,F,A,F,C,E,,RCV-IRV|Approval|Plurality,,"2,3,2,1,4,3","3,1,3,1,1,0","2,3,5,3,0,5","2,2,4,1,5,5","2,0,1,4,2,2"
272,A,A,E,E,E,,RankedRobin|Approval|Plurality,,"1,0,3,0,4,3","5,2,1,2,4,0","0,1,1,2,4,1","2,2,1,2,1,5","4,0,5,3,2,2"
273,F,A,F,D,A,F,RCV-IRV|Approval|Plurality,,"3,2,0,5,0,0","4,1,1,4,0,4","5,1,4,4,2,5","1,1,4,3,0,5","3,4,2,4,1,5"
275,D,B,D,B,B,,RCV-IRV|Approval|Plurality,,"3,5,1,5,3,3","3,3,5,1,4,0","2,4,4,5,0,5","3,4,0,3,4,4","1,0,0,4,2,1"
277,D,D,D,E,A,,Approval|Plurality,,"4,0,1,2,4,1","5,4,2,5,3,4","2,0,2,3,0,0","1,1,5,2,2,1","1,1,2,2,5,4"
278,F,A,F,F,A,,RCV-IRV|Plurality,,"1,1,4,0,4,5","1,4,3,2,1,3","3,3,1,3,4,3","5,2,1,0,4,5","3,3,4,5,2,2"
279,A,A,F,F,A,,RankedRobin|Approval,,"0,0,1,5,1,3","4,1,0,3,1,4","5,3,1,0,1,1","1,4,0,2,2,3","2,2,4,2,2,0"
281,C,C,C,C,F,C,Plurality,,"2,2,3,0,1,2","5,2,3,2,0,0","0,0,2,4,1,5","0,2,4,2,4,5","1,5,4,2,4,1"
282,F,C,C,A,C,,RCV-IRV|RankedRobin|Approval|Plurality,,"1,1,4,3,3,5","1,0,2,5,5,5","3,2,5,2,2,5","3,2,5,1,5,0","5,3,1,2,0,1"
283,E,A,E,B,A,,RCV-IRV|Approval|Plurality,,"1,4,1,3,2,4","0,3,5,3,4,1","5,4,3,0,4,4","1,3,5,3,4,2","4,1,0,0,2,4"
284,F,F,F,A,A,F,Approval|Plurality,,"3,5,1,1,1,5","4,3,4,4,1,1","5,0,5,1,0,4","0,1,4,0,0,5","0,1,1,1,1,2"
285,F,A,F,C,A,,RCV-IRV|Approval|Plurality,,"3,4,3,0,2,4","0,2,5,3,0,4","2,0,0,0,2,2","5,0,1,0,2,2","2,1,3,5,3,1"
286,F,C,F,B,A,,RCV-IRV|Approval|Plurality,,"5,5,1,0,0,3","1,3,4,4,3,4","5,4,1,0,5,0","0,3,1,1,2,4","0,0,4,4,2,1"
288,C,B,B,A,B,,RCV-IRV|RankedRobin|Approval|Plurality,,"0,5,4,1,5,1","4,2,3,2,3,5","3,4,5,4,3,1","1,5,0,5,1,2","5,1,2,1,0,4"
290,A,A,A,D,A,,Approval,,"5,4,4,4,0,1","1,0,4,3,2,2","4,4,1,4,4,3","2,0,1,0,4,1","3,1,0,4,0,2"
291,C,E,E,C,A,,RCV-IRV|RankedRobin|Plurality,,"1,0,2,2,3,3","1,2,5,4,4,3","3,2,3,1,4,4","3,0,3,3,1,0","5,2,5,5,5,4"
292,A,A,C,C,A,,RankedRobin|Approval,,"1,5,5,0,4,5","0,0,5,3,2,1","5,1,2,3,0,0","5,3,3,2,2,3","4,2,3,4,1,5"
294,B,B,B,D,B,,Approval,,"1,2,1,5,5,4","4,5,4,3,2,1","5,4,0,2,3,2","3,4,0,3,1,4","2,1,0,4,5,4"
297,D,C,D,C,B,D,RCV-IRV|Approval|Plurality,,"0,1,2,2,5,5","0,5,3,5,0,2","1,3,1,1,2,0","0,2,3,3,2,3","5,2,4,4,1,0"
298,B,A,B,A,A,,RCV-IRV|Approval|Plurality,,"0,1,3,2,0,4","4,5,2,4,1,5","3,3,1,2,2,2","2,1,2,1,0,2","3,3,2,3,5,0"
299,C,A,C,A,A,C,RCV-IRV|Approval|Plurality,,"5,0,4,1,1,3","1,4,2,2,0,1","0,5,2,3,2,5","4,2,5,5,2,1","5,0,4,2,1,0"
300,F,A,F,A,A,F,RCV-IRV|Approval|Plurality,,"3,3,0,3,5,5","5,3,0,0,3,5","5,3,1,2,1,4","3,3,0,5,2,5","3,4,2,3,3,3"
302,F,B,F,F,A,F,RCV-IRV|Plurality,,"3,1,0,2,1,3","0,5,1,2,0,5","0,2,2,2,1,4","5,1,3,3,5,4","0,2,5,3,4,0"
303,D,C,C,C,A,,RCV-IRV|RankedRobin|Approval|Plurality,,"2,2,4,4,3,2","2,0,3,5,1,2","3,0,1,0,0,0","2,3,1,2,0,0","0,2,3,2,5,1"
304,B,A,A,E,A,A,RCV-IRV|RankedRobin|Approval|Plurality|Condorcet,,"3,2,2,2,3,3","4,4,2,4,3,3","1,5,5,1,5,3","2,1,0,4,1,1","2,2,2,0,2,0"
306,B,A,B,B,A,,RCV-IRV|Plurality,,"0,3,0,2,1,4","2,5,5,3,1,1","5,4,5,4,4,1","3,3,1,0,4,4","4,3,4,5,3,1"
307,E,B,E,B,D,,RCV-IRV|Approval|Plurality,,"3,4,4,4,5,0","1,4,1,2,4,1","4,3,2,5,4,3","5,3,2,1,3,3","4,3,4,5,1,5"
308,E,E,E,A,B,E,Approval|Plurality,,"3,0,0,5,5,4","3,4,0,2,2,2","3,5,5,4,2,4","4,0,0,0,5,2","1,2,5,1,5,0"
309,C,B,D,C,B,,RCV-IRV|RankedRobin|Plurality,,"0,4,1,0,2,3","2,0,4,4,0,0","5,1,5,1,0,3","1,5,4,5,4,2","0,1,1,3,4,0"
310,D,D,D,D,A,D,Plurality,,"4,1,4,3,1,3","4,2,1,1,0,2","3,4,5,5,0,3","1,3,3,4,1,3","0,4,0,4,1,4"
311,D,D,D,D,A,,Plurality,,"4,2,0,1,0,4","0,1,5,5,1,3","2,1,0,3,1,5","1,5,1,3,4,3","2,2,1,5,5,2"
312,A,A,A,C,A,,Approval,,"2,5,3,2,1,1","5,1,3,5,5,1","3,2,1,1,0,2","5,2,5,4,5,0","2,1,3,1,5,0"
314,C,B,C,C,A,C,RCV-IRV|Plurality,,"3,4,4,0,2,3","0,2,3,0,3,1","5,1,5,4,2,3","2,5,0,0,1,4","5,5,5,0,0,3"
316,A,A,B,A,A,,RankedRobin,,"3,1,0,0,0,0","3,4,0,0,1,3","2,2,0,4,5,4","4,5,3,4,4,5","5,2,5,0,5,2"
318,A,B,A,A,B,A,RCV-IRV|Plurality,,"5,1,1,0,2,3","3,2,5,0,1,1","2,5,1,0,0,2","1,4,0,3,2,2","4,0,5,5,3,2"
319,E,E,E,B,A,,Approval|Plurality,,"2,3,2,3,2,2","1,4,2,5,5,3","5,1,0,0,2,2","1,4,5,4,3,2","3,1,0,1,4,2"
320,C,E,E,C,A,,RCV-IRV|RankedRobin|Plurality,,"1,3,2,4,5,2","0,5,2,0,4,2","5,2,4,5,2,5","4,1,5,5,4,1","2,0,4,1,2,5"
322,B,B,B,E,B,,Approval,,"0,2,1,1,0,2","2,4,0,2,4,0","1,2,3,0,4,1","3,5,1,2,0,0","4,2,4,4,5,2"
324,D,D,D,A,A,,Approval|Plurality,,"0,1,0,1,1,1","4,2,0,4,1,5","5,2,5,1,4,1","2,0,1,4,5,5","3,1,0,4,2,0"
325,B,B,B,A,B,,Approval,,"4,2,5,1,1,0","4,5,5,3,5,5","4,5,4,2,4,1","3,5,1,4,2,4","4,1,3,0,1,3"
327,D,A,D,D,D,,RCV-IRV,,"3,2,2,4,4,2","1,2,1,0,5,2","0,2,2,3,0,2","4,1,3,4,2,2","2,1,4,0,0,1"
328,D,A,F,A,A,,RCV-IRV|RankedRobin|Approval|Plurality,,"3,0,2,1,2,3","1,3,5,1,4,4","4,3,1,3,5,1","3,3,4,5,2,5","4,5,4,5,0,1"
329,F,B,F,F,B,F,RCV-IRV|Plurality,,"1,0,5,2,3,3","3,4,4,3,0,4","2,1,1,2,5,5","1,4,1,3,0,4","5,2,4,4,1,4"
331,F,A,F,F,A,,RCV-IRV|Plurality,,"1,5,0,5,5,5","2,1,4,4,1,4","5,4,3,1,1,4","3,3,5,1,0,4","4,2,2,4,0,0"
332,C,C,C,A,C,C,Approval,,"3,2,3,0,5,2","3,0,4,3,3,4","4,2,5,5,3,3","4,2,4,0,0,0","1,1,1,2,5,5"
333,C,B,C,C,B,,RCV-IRV|Plurality,,"2,5,4,1,4,3","1,1,4,0,0,2","0,1,2,3,3,0","1,5,5,2,4,0","2,1,3,5,5,3"
335,C,A,C,C,A,,RCV-IRV|Plurality,,"5,4,3,1,2,0","5,0,2,4,0,0","4,1,4,2,2,2","0,4,4,2,0,1","0,0,4,2,0,4"
336,A,B,F,F,A,,RCV-IRV|RankedRobin|Approval,,"5,2,1,2,5,4","5,1,4,0,3,4","2,3,5,3,5,3","3,5,0,4,0,3","2,5,0,2,0,3"
338,E,A,A,E,A,,RCV-IRV|RankedRobin|Plurality,,"2,1,3,0,5,3","3,2,2,1,0,2","1,4,4,0,1,3","2,1,0,3,4,2","4,3,1,4,3,2"
339,F,A,F,C,A,F,RCV-IRV|Approval|Plurality,,"1,4,5,2,2,5","4,2,3,4,4,5","5,4,3,5,0,3","1,0,5,1,3,5","5,2,4,1,4,5"
342,F,A,F,A,A,,RCV-IRV|Approval|Plurality,,"1,2,0,3,1,2","0,1,2,4,5,3","4,0,4,4,1,5","5,3,5,1,2,0","5,4,2,0,5,5"
343,F,D,F,A,C,,RCV-IRV|Approval|Plurality,,"2,2,0,5,1,0","4,3,0,3,5,4","2,1,1,4,0,2","4,1,5,1,5,5","4,3,5,1,3,5"
344,E,A,C,E,A,,RCV-IRV|RankedRobin|Plurality,,"0,2,2,0,0,3","2,2,2,0,3,0","4,0,1,4,0,1","0,1,4,5,3,3","5,2,0,0,5,1"
345,D,D,D,D,C,D,Plurality,,"2,0,5,1,1,4","1,5,3,4,4,4","0,3,4,4,1,4","5,2,2,4,3,3","0,4,0,5,3,0"
346,D,D,D,C,C,,Approval|Plurality,,"2,2,4,5,0,0","2,1,0,1,2,4","0,2,4,1,4,1","2,0,5,0,0,0","2,3,3,5,5,3"
348,E,A,E,E,C,E,RCV-IRV|Plurality,yes,"0,1,0,4,1,3","3,1,5,2,4,5","4,0,0,3,5,0","0,1,5,5,5,0","5,3,1,1,3,1"
349,E,E,E,E,A,E,Plurality,,"5,0,1,1,4,5","0,1,0,1,4,0","1,3,5,5,5,4","5,5,5,3,5,4","0,5,3,4,3,2"
351,C,C,C,C,A,C,Plurality,,"0,3,5,5,0,2","5,0,4,3,2,5","3,4,3,5,3,2","3,4,4,1,0,2","1,1,2,2,3,3"
352,F,D,F,D,A,,RCV-IRV|Approval|Plurality,,"2,2,1,0,1,1","4,3,1,4,4,5","3,3,0,4,5,4","3,0,0,5,5,4","0,5,1,4,0,4"
353,D,D,D,D,B,,Plurality,,"1,1,3,4,5,5","5,2,1,5,5,1","2,4,4,3,2,2","1,5,2,1,4,5","3,1,1,5,0,4"
355,D,A,E,D,A,,RCV-IRV|RankedRobin|Plurality,,"2,5,2,4,2,0","5,0,2,5,0,3","2,4,3,3,5,2","4,1,1,0,3,4","1,0,1,1,2,2"
357,C,C,C,A,C,C,Approval,,"1,5,5,2,0,1","3,4,5,3,5,3","4,0,1,1,1,3","0,0,0,4,0,0","4,2,5,0,2,0"
358,E,C,E,C,A,,RCV-IRV|Approval|Plurality,,"1,3,4,0,4,1","5,2,2,0,1,3","5,1,1,2,5,0","0,5,3,2,4,3","0,0,4,0,1,4"
360,F,B,B,B,B,,RCV-IRV|RankedRobin|Approval|Plurality,,"1,1,0,2,5,3","3,3,5,1,2,5","2,4,2,0,1,1","1,3,0,0,3,2","0,3,0,5,2,3"
361,E,B,E,E,B,E,RCV-IRV|Plurality,,"5,3,0,2,4,5","2,1,1,4,4,2","2,4,0,0,3,3","4,0,2,5,4,2","2,3,3,3,3,3"
362,B,A,F,A,A,,RCV-IRV|RankedRobin|Approval|Plurality,,"5,3,2,0,1,4","4,4,4,4,3,5","0,2,1,3,5,5","4,5,2,0,5,2","5,5,0,0,0,1"
363,A,A,A,C,A,A,Approval,,"2,1,0,1,0,1","5,4,4,1,2,4","4,2,3,0,5,3","5,1,3,4,0,2","1,4,3,2,0,0"
364,E,E,E,E,A,E,Plurality,,"2,1,4,4,4,1","5,3,4,3,4,3","1,1,2,3,4,2","4,3,4,2,3,2","2,3,4,0,5,5"
365,F,F,F,D,A,F,Approval|Plurality,,"0,0,2,3,4,5","5,3,1,5,5,0","3,4,4,5,0,5","5,2,3,1,2,4","2,5,4,4,0,5"
366,E,D,D,D,A,,RCV-IRV|RankedRobin|Approval|Plurality,,"0,1,3,3,3,5","2,2,4,0,0,2","0,0,1,4,5,4","2,1,1,3,3,0","2,0,0,1,0,0"
367,B,A,B,B,A,,RCV-IRV|Plurality,,"3,3,3,1,2,3","0,4,5,1,2,2","5,4,5,1,1,3","4,4,2,2,0,3","4,5,2,0,5,2"
368,D,D,D,E,A,,Approval|Plurality,,"2,1,4,5,3,5","2,0,0,5,3,5","5,0,1,0,5,2","5,0,4,2,3,0","2,0,5,5,4,3"
371,F,A,F,A,A,,RCV-IRV|Approval|Plurality,,"0,2,4,1,4,0","3,0,1,0,1,5","0,3,2,1,4,1","5,5,5,2,0,5","5,3,2,5,2,5"
373,D,A,D,D,A,,RCV-IRV|Plurality,,"0,0,4,0,2,0","0,3,4,4,4,1","3,0,0,4,0,3","1,1,1,0,0,0","5,5,1,5,1,3"
374,D,A,D,B,A,D,RCV-IRV|Approval|Plurality,,"2,4,2,5,2,5","5,5,4,0,3,3","3,4,3,3,2,1","0,1,1,3,3,1","5,3,2,5,5,4"
376,A,A,B,A,A,,RankedRobin,,"5,2,0,1,4,2","2,2,4,2,4,3","5,3,1,2,0,1","2,5,2,1,0,2","4,5,5,0,2,2"
378,F,F,F,D,A,F,Approval|Plurality,,"2,1,2,4,3,5","5,2,1,5,4,0","2,1,2,1,3,3","2,2,0,4,1,2","1,2,2,1,1,2"
379,E,C,E,E,B,,RCV-IRV|Plurality,,"1,4,0,0,3,2","4,0,1,5,5,2","1,0,2,0,0,0","2,2,5,2,3,3","1,5,5,4,5,4"
380,A,A,A,C,A,,Approval,,"5,0,4,3,3,2","2,4,3,0,3,5","3,0,3,0,2,3","2,1,3,4,1,4","3,1,1,1,4,0"
383,E,E,E,E,C,E,Plurality,,"1,1,5,3,1,3","1,1,2,2,5,0","1,2,5,0,5,3","4,4,1,3,5,1","3,5,4,0,5,2"
384,C,C,C,C,A,C,Plurality,,"0,3,2,4,4,0","5,3,2,1,0,1","0,0,3,0,2,4","2,0,5,1,2,2","4,0,4,1,2,3"
385,F,F,F,E,F,F,Approval,,"5,1,5,1,0,2","2,1,1,2,3,0","4,2,4,0,4,5","0,1,1,5,4,3","0,1,3,3,3,4"
386,E,E,E,A,A,E,Approval|Plurality,,"3,2,5,4,5,5","5,3,3,0,2,0","3,5,1,5,5,0","0,2,0,3,5,3","5,3,1,2,3,0"
388,F,A,F,D,B,,RCV-IRV|Approval|Plurality,,"2,1,5,4,4,5","3,5,0,3,3,3","3,5,3,0,0,1","2,0,1,4,5,5","5,1,1,3,1,1"
389,C,C,C,C,A,C,Plurality,,"3,5,4,4,0,1","0,0,4,5,1,2","2,2,4,3,1,0","0,0,2,1,4,4","5,0,5,2,5,4"
390,F,B,F,F,C,,RCV-IRV|Plurality,,"0,4,2,1,4,4","0,3,3,3,4,4","5,5,4,3,4,4","3,1,4,0,4,4","0,4,5,0,0,3"
391,C,C,C,C,A,C,Plurality,,"4,3,3,1,0,2","0,3,5,4,1,3","4,0,4,0,2,4","3,1,5,2,1,5","0,5,5,1,3,4"
392,B,B,F,F,B,,RankedRobin|Approval,,"1,5,2,5,0,5","1,3,3,3,0,3","2,0,2,1,1,3","4,5,1,2,1,4","0,2,3,3,0,1"
394,F,A,F,A,A,,RCV-IRV|Approval|Plurality,,"1,1,3,0,1,3","4,0,1,3,3,2","5,2,4,0,0,5","3,3,5,5,3,1","1,2,0,0,2,5"
395,F,B,C,F,B,,RCV-IRV|RankedRobin|Plurality,,"5,1,2,0,1,5","1,4,3,0,2,0","0,4,3,4,0,3","4,4,4,0,5,4","0,0,1,0,5,3"
396,C,C,C,C,A,C,Plurality,,"5,4,4,5,4,0","3,2,4,5,3,5","0,3,4,2,2,3","5,0,2,0,2,2","1,1,5,2,1,4"
397,D,B,D,C,B,,RCV-IRV|Approval|Plurality,,"0,5,1,5,1,3","3,0,0,4,1,1","0,1,3,4,4,5","1,3,3,1,1,0","2,1,4,0,3,2"
398,D,A,D,B,A,,RCV-IRV|Approval|Plurality,,"2,4,4,2,4,4","5,3,3,5,2,4","2,3,5,5,5,0","5,4,0,3,0,1","2,2,0,3,5,2"
399,E,A,E,E,A,,RCV-IRV|Plurality,,"5,3,1,2,4,2","4,0,4,2,4,1","3,1,3,5,5,0","5,5,1,2,4,2","0,5,5,4,3,5"
400,F,B,F,C,D,,RCV-IRV|Approval|Plurality,,"1,5,4,2,0,2","0,1,1,3,2,2","0,0,1,5,5,2","5,2,3,0,2,5","0,4,4,2,5,4"
401,A,A,A,E,A,A,Approval,,"2,1,3,0,5,5","5,5,4,4,3,1","5,3,3,3,4,2","5,5,5,5,3,1","3,2,0,3,3,1"
404,F,C,F,F,C,F,RCV-IRV|Plurality,,"0,4,1,3,1,1","0,3,5,1,0,5","4,1,2,5,0,5","2,1,1,0,4,5","2,3,4,0,4,4"
405,C,A,C,C,A,,RCV-IRV|Plurality,yes,"2,0,0,2,0,0","3,3,3,4,2,2","4,4,4,0,1,5","2,1,5,5,5,4","0,5,5,4,3,5"
406,D,C,D,C,D,D,RCV-IRV|Approval,yes,"0,4,0,0,0,1","5,2,3,3,4,0","3,1,4,5,5,3","1,2,3,1,0,3","0,3,3,4,0,0"
407,D,D,D,B,D,D,Approval,,"3,4,0,0,4,1","5,3,1,5,4,0","0,0,3,2,2,0","2,3,3,4,0,0","1,0,1,3,0,3"
408,E,E,E,B,E,,Approval,,"3,4,1,4,5,0","5,1,5,5,5,3","0,0,4,4,1,5","1,4,0,0,5,0","0,5,4,2,1,2"
409,D,F,D,C,F,,RCV-IRV|Approval|Plurality,,"0,2,1,2,1,4","0,5,4,4,3,0","4,1,5,5,4,2","3,1,4,1,3,5","2,1,0,5,1,5"
410,F,F,F,A,F,,Approval,,"2,2,2,1,2,4","3,2,5,2,4,0","5,5,3,2,1,5","2,1,0,3,2,5","3,0,0,2,5,1"
414,E,A,E,E,E,E,RCV-IRV,,"3,1,2,3,3,5","2,3,1,4,5,4","0,1,3,1,5,0","2,4,0,4,2,3","5,3,5,1,3,1"
415,E,B,E,B,B,,RCV-IRV|Approval|Plurality,,"0,3,0,0,2,2","2,5,1,1,4,0","1,5,5,5,5,0","2,0,1,1,3,5","4,3,5,2,5,0"
416,F,B,F,A,A,F,RCV-IRV|Approval|Plurality,,"3,4,0,5,3,5","3,5,4,0,0,1","3,5,3,2,1,5","3,2,1,0,0,3","5,0,2,5,1,5"
417,E,E,E,B,A,E,Approval|Plurality,,"1,3,1,1,5,0","3,1,1,1,3,2","4,4,0,0,5,3","0,3,2,2,2,5","4,4,4,0,1,2"
420,F,A,F,D,A,,RCV-IRV|Approval|Plurality,,"1,5,2,1,3,4","5,1,1,3,1,4","1,1,2,3,2,4","4,1,2,4,3,4","4,1,5,5,3,1"
421,F,A,F,F,A,F,RCV-IRV|Plurality,,"0,5,2,0,5,3","3,1,3,0,0,3","5,1,1,4,4,5","5,1,5,3,0,5","1,3,1,4,4,5"
423,D,B,D,A,A,D,RCV-IRV|Approval|Plurality,,"5,2,0,2,1,5","4,0,4,2,3,4","3,4,4,4,2,0","0,3,2,5,1,0","0,4,3,4,4,1"
424,D,A,D,A,A,,RCV-IRV|Approval|Plurality,,"4,2,3,3,2,2","3,5,3,5,0,3","4,5,2,5,1,1","1,1,5,2,5,3","5,2,3,2,2,0"
425,B,A,C,A,B,,RCV-IRV|RankedRobin|Approval,,"3,2,2,4,1,2","0,5,1,1,0,2","3,1,5,1,0,3","4,2,2,4,2,1","3,5,5,0,4,5"
426,F,D,F,F,D,F,RCV-IRV|Plurality,yes,"5,1,0,0,3,0","1,4,1,5,3,5","2,2,3,4,2,2","4,1,0,2,2,5","1,0,1,2,2,5"
429,D,A,A,A,A,,RCV-IRV|RankedRobin|Approval|Plurality,,"4,5,3,5,1,2","2,1,1,4,2,5","1,0,5,4,2,2","4,3,4,2,4,3","3,2,0,0,5,1"
433,D,D,D,C,A,D,Approval|Plurality,,"0,0,3,5,0,4","1,5,0,5,3,4","1,1,3,3,2,4","3,3,3,0,1,2","0,0,3,3,5,2"
434,E,C,E,E,C,E,RCV-IRV|Plurality,,"3,5,4,2,4,1","2,1,3,0,3,0","5,5,1,1,5,0","3,3,4,5,5,2","2,4,5,4,5,4"
435,A,A,A,B,A,,Approval,,"5,3,2,5,2,1","5,0,4,4,2,0","1,3,2,1,4,4","3,3,5,5,0,5","1,3,1,0,3,2"
436,E,E,E,E,A,E,Plurality,,"3,0,4,2,4,3","0,4,2,5,4,5","5,2,4,5,5,5","0,4,1,2,5,1","5,2,3,3,4,3"
437,B,B,C,B,B,,RankedRobin,,"2,0,3,0,1,1","0,0,1,3,0,1","3,5,1,0,4,1","2,4,4,4,4,1","4,5,3,5,1,5"
438,B,C,B,F,C,,RCV-IRV|Approval|Plurality,,"0,5,0,4,3,4","1,2,4,0,0,3","5,4,3,2,4,3","0,0,1,4,0,4","0,1,2,2,1,0"
439,F,F,F,A,E,,Approval|Plurality,,"5,1,2,1,0,1","2,0,0,0,5,4","0,2,5,2,3,4","3,2,1,2,0,4","4,1,1,4,5,1"
441,B,B,D,A,A,,RankedRobin|Approval|Plurality,,"0,3,0,5,4,5","0,2,3,1,0,0","4,3,1,1,4,3","3,5,2,4,5,0","4,2,3,4,2,1"
442,E,B,E,E,B,E,RCV-IRV|Plurality,yes,"2,2,4,3,3,1","3,5,2,4,3,3","1,1,3,1,1,1","2,0,0,3,4,3","0,5,2,0,5,2"
443,F,F,F,C,F,,Approval,,"4,1,1,1,0,5","2,5,4,0,0,0","1,2,3,5,0,3","1,3,0,1,4,5","5,2,4,4,5,1"
444,E,D,D,D,E,,RCV-IRV|RankedRobin|Approval,,"2,1,0,4,2,3","0,0,0,4,5,2","0,4,2,3,3,3","2,2,3,1,4,0","3,1,5,3,2,5"
445,D,D,D,A,D,D,Approval,,"2,4,2,5,4,1","3,4,5,0,4,0","5,2,3,2,1,0","3,4,1,5,4,4","1,1,2,5,2,0"
447,C,C,C,C,A,,Plurality,,"2,4,4,3,0,5","4,0,0,1,4,2","0,1,4,4,5,3","4,0,5,4,2,2","4,5,5,2,2,5"
448,E,C,E,E,C,,RCV-IRV|Plurality,,"2,4,2,3,4,1","5,3,0,2,2,5","3,0,5,5,5,5","1,1,5,3,4,5","3,2,4,2,4,1"
449,E,C,C,E,C,,RCV-IRV|RankedRobin|Plurality,,"0,1,5,2,5,2","0,3,1,3,4,0","1,0,4,1,0,2","3,5,1,4,4,0","2,0,5,0,4,1"
450,F,F,F,F,A,F,Plurality,,"1,0,1,1,1,2","1,1,4,4,0,4","1,2,2,3,4,4","5,5,4,1,5,5","4,2,4,2,1,3"
451,B,A,B,B,A,,RCV-IRV|Plurality,,"5,3,0,1,2,1","5,5,2,3,2,1","0,3,3,5,5,0","2,1,4,5,0,4","1,2,1,1,2,0"
452,D,D,D,E,A,,Approval|Plurality,,"2,1,4,5,4,0","0,0,5,5,4,0","4,1,3,1,4,2","5,0,0,4,4,5","2,4,2,4,3,4"
453,C,C,C,C,A,C,Plurality,,"3,1,3,0,0,5","0,0,3,4,5,2","5,0,5,2,0,5","0,1,5,1,1,4","0,5,3,0,1,1"
454,A,A,D,A,A,,RankedRobin,yes,"3,1,4,1,5,1","5,1,1,5,1,1","0,1,1,3,0,5","5,4,2,3,2,1","1,1,2,2,5,4"
456,D,D,D,D,B,D,Plurality,,"5,2,0,3,2,0","2,1,1,5,5,0","1,1,3,5,3,0","0,4,3,2,4,4","2,5,4,5,5,4"
457,F,C,F,C,C,,RCV-IRV|Approval|Plurality,,"4,3,3,5,3,5","4,5,1,5,1,3","0,0,5,4,2,5","1,0,3,0,3,1","3,1,5,0,5,4"
458,B,F,B,B,A,,RCV-IRV|Plurality,,"1,4,1,0,4,3","5,5,5,1,1,2","2,2,3,1,2,1","4,4,4,3,0,5","1,1,1,4,2,2"
460,D,A,D,D,A,,RCV-IRV|Plurality,,"5,5,3,5,5,3","1,3,5,4,2,1","3,2,2,2,0,2","1,5,0,5,2,4","4,1,5,3,0,0"
461,D,A,D,D,A,,RCV-IRV|Plurality,,"5,1,1,3,1,1","0,3,5,5,1,1","3,1,0,3,4,0","4,5,0,0,3,5","1,4,4,5,3,0"
462,D,D,D,D,A,D,Plurality,,"1,2,3,4,2,4","5,1,2,4,3,4","0,0,5,4,4,0","3,5,2,4,4,1","0,0,3,3,3,4"
463,D,A,E,A,A,,RCV-IRV|RankedRobin|Approval|Plurality,,"2,4,2,5,1,1","5,5,0,5,1,5","1,2,0,2,4,3","3,1,0,1,3,0","4,2,4,3,4,5"
464,A,A,D,A,A,,RankedRobin,,"5,2,4,5,1,1","0,3,1,1,0,5","5,2,1,3,4,4","4,2,5,4,1,0","1,2,1,1,4,0"
465,D,A,D,B,A,,RCV-IRV|Approval|Plurality,,"2,0,3,3,4,4","2,4,4,5,1,0","4,5,2,2,0,2","5,3,0,4,3,0","1,1,1,1,2,4"
467,E,F,E,E,A,,RCV-IRV|Plurality,,"1,1,3,0,3,5","0,2,5,4,0,2","5,0,2,5,5,0","4,5,0,2,3,3","1,0,2,3,4,3"
468,D,A,A,C,A,,RCV-IRV|RankedRobin|Approval|Plurality,,"0,0,3,5,0,1","1,4,3,5,1,0","5,4,2,0,4,1","2,2,5,1,0,0","3,1,0,1,3,3"
469,D,B,D,D,A,,RCV-IRV|Plurality,,"0,0,5,3,2,1","0,4,0,4,4,2","0,3,3,2,1,4","3,2,0,3,0,3","5,4,4,4,4,0"
470,D,D,D,D,A,D,Plurality,,"0,0,1,2,5,1","0,2,0,5,1,3","4,1,2,4,2,3","3,4,5,5,2,5","0,5,0,0,4,2"
471,E,E,E,C,C,,Approval|Plurality,,"4,2,3,4,5,1","3,3,3,2,4,2","0,2,5,2,1,2","2,3,2,3,4,5","3,1,5,3,2,2"
472,C,C,C,E,C,,Approval,,"1,1,4,4,3,1","3,0,5,0,3,1","1,4,1,3,3,5","4,3,1,5,3,0","4,0,4,2,2,4"
474,E,A,E,A,A,,RCV-IRV|Approval|Plurality,,"1,3,0,3,2,4","3,1,2,1,3,4","3,1,0,1,2,0","3,5,3,3,5,3","4,3,3,1,3,2"
475,F,F,F,E,B,F,Approval|Plurality,,"2,1,5,4,4,5","1,5,1,0,3,1","3,1,1,2,5,5","3,1,1,5,0,1","1,0,0,2,2,3"
476,A,A,A,B,A,A,Approval,,"1,4,0,3,4,1","3,3,3,1,4,4","4,3,0,1,1,3","3,3,0,2,1,3","5,4,3,1,0,4"
477,B,B,B,A,B,,Approval,,"4,5,2,3,4,3","4,2,5,1,2,4","3,3,0,2,4,0","4,4,2,1,0,5","3,4,0,4,4,4"
481,D,A,D,A,A,D,RCV-IRV|Approval|Plurality,,"5,5,1,2,2,3","2,1,3,3,1,0","3,2,0,5,5,5","4,4,5,5,5,3","5,4,3,1,0,1"
482,F,D,D,D,D,,RCV-IRV|RankedRobin|Approval|Plurality,,"3,0,2,4,1,0","2,0,0,4,5,4","2,4,2,0,4,3","2,2,4,3,0,5","0,1,2,4,2,3"
483,C,C,C,C,A,C,Plurality,,"0,3,0,4,5,5","0,2,5,5,1,4","3,1,3,1,2,1","0,4,5,2,4,4","5,0,3,3,0,1"
485,C,D,C,A,C,,RCV-IRV|Approval,,"2,3,2,4,2,0","3,3,5,1,2,1","5,2,2,5,3,5","2,2,2,3,4,5","3,4,5,2,3,0"
487,F,A,F,E,A,,RCV-IRV|Approval|Plurality,,"2,1,4,5,4,5","1,3,3,1,3,5","5,2,1,1,1,1","4,1,3,4,5,4","4,0,0,2,3,3"
489,C,B,C,C,B,C,RCV-IRV|Plurality,,"3,0,4,1,1,3","0,1,2,2,5,3","2,5,5,5,3,5","2,5,5,2,5,4","0,4,4,4,1,1"
490,D,D,D,D,A,D,Plurality,,"3,1,1,3,0,0","4,3,2,3,1,5","0,3,3,3,0,3","1,3,3,5,0,3","1,1,5,5,0,0"
491,C,A,C,A,A,,RCV-IRV|Approval|Plurality,,"5,0,2,0,5,0","0,4,1,2,1,3","1,1,5,1,2,4","5,2,5,0,2,5","4,4,3,0,0,0"
492,D,D,A,A,A,,RankedRobin|Approval|Plurality,,"3,1,2,4,1,2","3,3,1,5,3,4","5,3,3,0,1,2","4,4,2,0,1,0","2,1,4,4,2,1"
493,F,B,F,F,F,,RCV-IRV,,"1,2,2,0,0,5","5,3,4,5,0,0","0,4,0,1,1,4","0,2,5,1,0,0","4,2,0,4,1,5"
494,C,A,E,A,A,,RCV-IRV|RankedRobin|Approval|Plurality,,"4,4,5,2,5,1","0,5,5,0,2,3","3,0,0,3,4,2","5,3,5,1,0,1","4,1,3,1,4,0"
496,B,B,B,E,D,B,Approval|Plurality,,"3,4,2,5,4,3","2,2,1,0,5,0","1,2,2,5,1,4","3,2,2,1,1,4","1,4,2,1,3,2"
497,E,B,F,D,B,,RCV-IRV|RankedRobin|Approval|Plurality,,"3,2,5,5,2,2","0,0,0,3,4,4","3,5,5,4,5,5","4,1,1,1,5,2","1,5,0,4,0,3"
498,C,A,C,C,A,C,RCV-IRV|Plurality,,"3,2,3,2,3,3","3,2,0,4,0,2","2,0,4,3,4,3","2,5,4,4,4,2","4,3,4,1,0,3"
500,B,A,B,B,A,,RCV-IRV|Plurality,,"2,5,0,4,1,3","1,0,4,5,5,2","2,4,4,3,5,5","5,5,1,0,4,0","5,3,0,2,1,4"
501,A,B,C,B,A,,RCV-IRV|RankedRobin|Approval,,"1,3,1,1,4,0","5,3,4,1,4,4","1,4,5,5,0,4","3,4,3,0,2,4","5,0,3,0,1,1"
502,B,A,B,A,B,,RCV-IRV|Approval,,"5,5,0,5,5,0","3,3,5,3,4,2","4,1,1,0,4,5","3,4,3,4,2,3","0,5,4,4,2,2"
503,E,B,E,C,C,,RCV-IRV|Approval|Plurality,,"0,1,0,0,2,4","4,2,0,4,4,1","0,5,3,5,3,3","1,0,4,1,2,2","1,2,3,0,1,1"
507,F,F,F,F,B,F,Plurality,,"0,2,5,1,5,5","2,5,5,3,4,2","0,2,1,3,1,5","3,5,0,3,4,5","3,0,2,2,0,3"
508,D,C,D,C,C,,RCV-IRV|Approval|Plurality,,"2,4,4,5,0,1","0,1,3,1,5,5","1,2,4,4,3,0","1,2,3,0,3,3","4,2,0,4,2,1"
509,F,B,F,B,A,F,RCV-IRV|Approval|Plurality,,"2,4,4,4,4,5","5,1,4,3,1,4","3,5,2,5,2,4","4,4,5,2,5,5","2,4,2,5,2,1"
510,A,A,A,B,A,A,Approval,,"4,5,4,0,4,0","5,3,0,3,4,1","5,4,3,3,2,3","1,4,2,5,3,0","4,3,2,0,0,3"
511,F,B,F,C,B,F,RCV-IRV|Approval|Plurality,,"4,3,5,4,2,5","2,0,3,0,5,4","3,2,0,4,3,2","0,4,4,0,2,4","0,5,4,3,0,4"
512,D,D,D,A,A,,Approval|Plurality,,"4,1,1,2,3,4","0,0,0,2,3,3","3,4,5,5,1,2","0,1,1,3,2,3","5,1,3,2,0,1"
513,D,D,D,B,A,D,Approval|Plurality,,"5,5,0,5,4,0","5,3,1,0,2,1","1,3,2,5,4,2","0,0,1,3,3,5","3,4,5,5,3,0"
514,D,D,D,A,D,D,Approval,,"3,0,3,4,0,2","3,5,1,1,1,5","2,3,5,5,5,1","0,3,2,5,3,1","5,0,1,0,0,4"
516,E,F,E,C,D,E,RCV-IRV|Approval|Plurality,,"5,2,5,0,4,1","4,2,4,5,5,0","1,4,3,5,4,1","3,1,3,1,4,5","0,4,3,2,4,5"
517,F,F,B,B,A,,RankedRobin|Approval|Plurality,,"4,4,5,2,1,5","0,5,0,5,4,4","3,3,2,5,2,5","5,5,3,2,4,0","2,3,1,1,2,5"
518,F,F,F,F,A,,Plurality,,"0,5,4,2,2,4","1,4,1,2,1,5","5,4,3,0,3,3","1,3,3,3,5,4","2,0,5,1,4,3"
519,E,E,E,D,E,E,Approval,,"0,4,5,3,4,1","1,3,2,3,5,4","0,1,3,4,2,0","2,1,0,4,5,2","5,0,3,2,4,2"
520,F,B,F,F,A,F,RCV-IRV|Plurality,,"4,0,2,0,4,4","0,4,3,0,3,5","5,3,4,5,1,5","2,5,0,4,5,3","4,5,5,3,4,4"
521,F,F,F,A,F,F,Approval,,"4,4,3,1,0,5","1,0,2,2,4,3","3,2,3,3,0,3","3,2,3,5,1,0","4,2,3,4,1,5"
522,F,F,F,F,B,F,Plurality,,"3,0,2,3,3,4","0,3,3,1,0,5","1,4,4,4,4,4","1,4,1,3,2,4","5,3,1,0,1,4"
525,F,E,F,F,C,,RCV-IRV|Plurality,,"0,4,2,3,5,4","1,0,4,3,3,4","0,1,2,2,3,3","2,2,1,5,5,3","2,2,4,2,1,4"
526,C,C,C,B,C,C,Approval,,"0,0,5,2,1,0","0,3,4,1,1,4","3,0,5,2,1,2","1,5,2,1,4,1","1,4,0,5,5,1"
527,C,C,C,E,C,C,Approval,,"3,0,2,4,3,3","2,2,5,3,3,4","0,2,4,0,2,0","5,5,0,4,5,0","0,4,5,0,3,2"
528,C,C,C,E,C,C,Approval,,"3,4,5,2,3,2","3,4,2,0,3,3","0,1,5,3,4,4","1,2,4,4,2,1","3,2,2,5,4,5"
529,E,B,E,E,B,E,RCV-IRV|Plurality,,"3,3,1,4,4,0","5,5,5,4,3,3","0,4,1,2,4,3","1,0,3,4,5,1","3,4,4,1,4,2"
530,E,A,F,E,B,,RCV-IRV|RankedRobin|Plurality,,"0,5,5,2,3,3","2,2,0,1,2,3","1,5,0,2,0,1","3,2,0,4,5,4","5,0,0,5,5,2"
531,E,D,E,B,B,E,RCV-IRV|Approval|Plurality,,"3,3,3,4,3,5","1,0,0,4,4,3","2,1,4,2,2,4","2,4,3,4,5,1","0,3,2,1,2,1"
532,B,B,B,D,B,,Approval,,"3,2,5,4,3,0","2,5,4,3,2,2","4,5,2,3,4,5","5,2,4,4,5,0","0,4,1,4,2,4"
533,A,A,A,F,A,A,Approval,,"5,3,2,0,0,1","1,5,2,1,1,4","2,3,1,4,0,5","5,2,3,5,0,4","5,2,1,1,5,4"
534,F,A,F,B,A,,RCV-IRV|Approval|Plurality,yes,"5,3,5,1,1,5","3,0,1,1,2,0","0,4,2,3,0,0","0,1,1,1,0,5","2,4,3,3,0,5"
535,D,A,D,D,A,D,RCV-IRV|Plurality,,"4,5,0,5,4,2","4,1,1,4,1,0","0,5,3,2,0,2","5,1,3,5,5,1","1,1,5,3,4,2"
537,D,D,D,F,A,D,Approval|Plurality,,"1,4,5,1,3,5","0,2,2,3,1,5","4,2,3,4,2,3","0,5,1,4,0,3","0,1,2,5,0,3"
538,A,C,A,A,A,,RCV-IRV,,"5,2,4,3,2,4","2,0,4,4,5,4","4,0,5,0,5,1","5,3,0,3,4,1","1,5,2,2,0,2"
539,F,C,F,F,A,,RCV-IRV|Plurality,,"0,0,2,5,1,5","4,1,2,2,0,1","4,1,5,5,4,3","0,4,3,2,5,5","4,5,2,2,4,4"
540,C,C,C,A,C,,Approval,,"1,0,3,2,3,3","1,3,4,0,1,2","5,4,2,2,5,4","3,2,5,4,4,0","4,4,2,1,2,5"
541,F,F,F,F,C,F,Plurality,,"1,3,5,1,5,2","0,1,2,0,2,4","0,0,3,0,0,2","5,4,0,3,5,4","4,2,0,3,1,5"
544,A,A,C,C,A,,RankedRobin|Approval,,"4,1,2,5,0,3","0,5,4,0,4,1","0,5,5,5,1,1","5,1,4,3,2,2","5,0,3,0,1,3"
545,E,A,F,A,A,,RCV-IRV|RankedRobin|Approval|Plurality,,"3,0,0,1,4,2","4,3,2,1,4,4","0,2,2,2,1,2","1,5,4,5,2,5","5,5,1,1,5,3"
546,B,A,B,B,A,,RCV-IRV|Plurality,,"0,3,1,5,2,3","0,4,4,5,3,0","1,5,3,0,0,1","5,3,2,1,5,2","5,5,5,5,3,5"
548,F,C,F,C,C,,RCV-IRV|Approval|Plurality,,"5,2,3,3,1,4","1,4,0,5,3,3","2,4,2,3,4,4","1,2,5,2,2,1","0,2,4,1,0,2"
550,B,A,B,B,A,,RCV-IRV|Plurality,,"2,1,1,2,1,3","5,4,2,2,2,3","1,3,3,1,5,5","3,2,5,1,4,0","0,3,2,1,0,0"
551,C,A,C,C,A,,RCV-IRV|Plurality,,"4,3,3,1,1,4","1,5,4,5,1,5","2,5,5,5,4,0","3,0,5,4,5,4","5,3,5,3,1,5"
552,D,C,D,D,C,,RCV-IRV|Plurality,,"0,5,2,4,2,1","4,1,4,3,0,0","0,1,4,4,2,4","3,3,3,5,5,1","0,2,5,4,2,5"
553,D,D,D,C,D,D,Approval,,"3,1,4,1,4,4","2,5,2,4,3,4","3,2,3,4,4,3","1,3,3,4,0,3","4,1,4,5,0,1"
554,D,D,D,C,A,D,Approval|Plurality,,"5,1,1,1,5,5","5,4,3,4,2,1","1,4,3,5,3,2","1,4,3,4,0,1","2,2,4,5,4,3"
556,F,F,F,B,A,F,Approval|Plurality,,"0,3,1,0,3,5","2,5,1,2,4,4","4,3,1,0,3,4","4,3,0,3,1,5","4,4,1,3,3,0"
557,F,F,F,A,B,F,Approval|Plurality,,"4,5,5,0,2,2","2,5,5,2,0,1","2,2,2,1,1,5","4,1,1,2,5,5","3,3,3,1,0,5"
558,F,D,F,D,D,,RCV-IRV|Approval|Plurality,,"2,0,2,0,1,4","0,1,2,5,0,1","4,4,0,5,0,5","0,1,0,3,4,1","1,2,2,1,2,4"
559,F,D,F,F,B,F,RCV-IRV|Plurality,,"0,4,2,0,2,4","0,0,2,2,2,3","1,1,4,5,2,3","5,0,0,3,2,2","1,2,2,0,2,2"
560,F,A,F,B,A,,RCV-IRV|Approval|Plurality,,"2,3,0,1,1,4","3,0,2,0,3,2","1,3,2,5,1,1","3,1,2,3,0,0","1,3,3,1,2,5"
561,F,F,F,D,C,F,Approval|Plurality,,"1,2,5,2,4,2","3,2,1,0,4,5","5,3,0,3,2,4","0,5,0,4,4,1","1,2,5,4,2,4"
562,E,A,B,E,A,,RCV-IRV|RankedRobin|Plurality,,"4,4,5,0,3,3","5,0,5,1,3,0","1,5,4,1,4,1","5,3,2,0,5,2","4,5,1,3,5,0"
563,E,B,E,A,B,,RCV-IRV|Approval|Plurality,,"4,5,4,0,5,4","4,4,3,5,5,1","4,5,2,4,4,2","4,4,3,0,1,2","3,1,3,3,5,4"
568,E,E,E,E,F,,Plurality,,"0,1,0,2,3,4","1,5,1,4,5,3","1,0,0,0,5,5","1,0,0,3,2,4","4,1,1,1,4,1"
569,B,D,D,B,D,D,RCV-IRV|RankedRobin|Plurality|Condorcet,,"2,3,4,4,3,2","3,2,1,5,2,1","2,4,0,5,3,1","1,4,3,0,5,4","0,4,0,0,2,2"
571,F,B,F,F,B,,RCV-IRV|Plurality,,"2,4,2,0,1,2","5,4,2,2,4,3","1,4,3,4,1,3","0,0,2,1,5,3","2,1,0,4,2,3"
572,E,C,E,A,A,E,RCV-IRV|Approval|Plurality,,"1,2,4,5,4,1","3,1,2,1,5,0","1,3,3,1,3,2","5,0,0,1,1,1","4,2,5,1,1,5"
573,D,D,D,A,D,,Approval,,"3,2,3,4,3,1","2,1,3,0,1,0","3,2,0,0,5,0","1,3,2,3,1,4","3,0,0,5,4,1"
575,E,A,E,E,A,,RCV-IRV|Plurality,,"4,0,3,2,4,4","0,2,1,0,4,0","4,2,2,4,3,3","0,0,4,2,4,4","4,0,2,3,3,1"
577,E,E,E,C,E,E,Approval,,"2,1,4,1,2,1","0,0,3,0,4,4","2,1,1,0,4,0","2,5,5,0,2,4","2,0,1,2,4,4"
578,B,B,E,A,B,,RankedRobin|Approval,,"1,2,2,2,5,3","0,4,4,2,2,2","4,1,0,3,5,5","5,4,0,1,2,4","3,5,0,2,4,0"
579,F,F,F,F,A,F,Plurality,,"0,1,3,0,0,4","3,1,2,3,3,3","5,0,3,1,4,4","4,0,0,4,2,5","0,3,5,0,2,0"
580,F,B,F,B,E,F,RCV-IRV|Approval|Plurality,,"5,1,0,1,0,1","0,4,3,4,5,5","3,3,1,2,4,4","1,5,4,4,1,3","3,4,1,0,0,5"
581,B,B,B,B,A,B,Plurality,,"4,5,0,1,3,0","5,5,1,0,5,1","2,5,2,1,0,3","2,3,4,4,1,4","5,2,2,2,2,1"
583,F,F,F,B,B,F,Approval|Plurality,,"1,1,5,4,4,1","3,5,1,1,0,4","4,4,1,3,4,5","2,0,1,4,0,1","2,3,1,1,5,5"
586,A,A,D,A,A,,RankedRobin,,"1,0,0,1,2,3","5,0,0,4,3,2","4,4,4,5,2,1","5,0,5,1,5,5","1,4,5,5,0,1"
587,D,A,A,E,A,,RCV-IRV|RankedRobin|Approval|Plurality,,"0,4,0,5,5,4","4,2,4,3,3,0","1,1,4,1,3,3","4,4,3,2,1,4","5,4,0,5,3,3"
588,C,C,C,C,B,C,Plurality,,"1,5,2,0,1,0","1,2,3,1,5,1","0,0,3,0,2,0","3,0,3,4,0,5","1,0,2,4,4,2"
589,F,A,F,C,A,,RCV-IRV|Approval|Plurality,,"5,3,5,2,2,5","1,0,3,2,0,2","4,2,3,1,0,1","2,1,4,4,5,5","0,2,0,3,5,5"
590,B,F,B,F,A,,RCV-IRV|Approval|Plurality,,"5,4,4,5,0,3","5,5,1,4,0,3","1,5,2,2,0,5","3,3,0,0,3,4","0,1,2,4,2,3"
591,E,E,E,B,B,E,Approval|Plurality,,"2,0,1,5,3,0","3,5,5,5,2,1","3,2,0,2,3,4","1,4,0,2,5,1","0,3,0,0,2,1"
592,B,B,E,B,A,,RankedRobin|Plurality,,"5,5,0,3,2,3","0,4,2,1,2,0","0,0,3,1,4,2","3,1,0,5,5,1","1,3,5,3,2,4"
593,C,B,C,C,B,,RCV-IRV|Plurality,,"4,1,5,2,1,3","0,5,5,4,2,5","4,5,4,0,5,0","2,0,5,3,5,4","4,5,3,4,4,2"
594,A,D,D,A,D,,RCV-IRV|RankedRobin|Plurality,,"5,0,0,4,0,4","3,0,4,2,0,0","1,0,2,0,5,5","2,3,4,5,3,2","4,0,3,5,2,3"
596,C,C,C,C,B,C,Plurality,,"3,5,5,3,3,3","0,5,4,5,0,5","3,0,5,4,4,2","2,2,3,0,0,5","2,1,2,3,2,1"
597,C,A,C,C,A,,RCV-IRV|Plurality,,"4,1,4,4,0,0","4,4,4,2,4,1","5,5,5,4,3,3","5,4,4,4,5,1","1,3,4,5,3,5"
598,B,A,B,B,A,B,RCV-IRV|Plurality,,"0,1,3,0,4,1","1,5,2,5,3,0","4,4,4,1,4,2","5,3,3,2,2,3","5,5,2,1,5,4"
600,F,F,F,B,F,F,Approval,,"0,3,4,3,1,3","4,0,0,3,1,3","2,4,4,2,3,5","2,3,4,0,5,0","2,3,1,3,3,5"
601,F,C,F,C,C,F,RCV-IRV|Approval|Plurality,,"0,0,5,5,1,0","0,4,0,1,0,5","0,1,0,0,0,1","0,1,4,2,4,4","5,3,4,1,4,4"
602,C,F,C,E,A,,RCV-IRV|Approval|Plurality,,"2,1,1,0,5,2","5,4,5,1,3,2","0,3,3,2,0,4","1,0,1,5,3,5","1,0,5,3,4,0"
603,F,D,F,A,A,F,RCV-IRV|Approval|Plurality,,"5,0,0,1,0,3","0,1,2,5,2,1","0,0,2,1,1,2","4,3,4,5,2,5","4,1,1,0,4,4"
604,D,D,D,A,D,D,Approval,,"4,4,1,2,4,4","3,2,2,5,5,3","1,2,5,5,5,2","3,4,0,5,1,5","3,5,5,3,2,3"
606,E,A,A,C,A,,RCV-IRV|RankedRobin|Approval|Plurality,yes,"1,4,4,2,1,0","5,4,4,3,3,0","4,5,3,1,4,3","0,0,0,0,5,1","5,1,4,4,5,2"
607,D,D,D,D,C,D,Plurality,,"2,3,5,5,1,5","2,2,5,5,2,1","2,2,0,0,3,4","4,3,3,4,1,4","0,3,0,5,2,3"
608,E,C,C,D,A,,RCV-IRV|RankedRobin|Approval|Plurality,,"4,1,4,3,4,2","3,4,5,4,2,0","0,2,1,4,5,1","0,0,1,1,4,5","4,5,4,3,3,4"
612,E,B,F,E,B,,RCV-IRV|RankedRobin|Plurality,,"1,5,0,5,0,1","0,3,4,2,3,3","0,0,0,5,5,1","0,1,3,1,1,5","3,1,0,1,5,1"
614,C,C,C,B,C,,Approval,,"4,5,4,3,5,0","1,0,2,0,2,2","1,3,4,1,2,0","4,3,2,5,4,5","0,0,5,2,0,1"
615,F,F,E,D,B,,RankedRobin|Approval|Plurality,,"2,1,5,2,4,5","2,5,1,4,5,0","4,5,4,3,3,2","1,3,0,3,3,5","0,0,1,3,2,4"
618,E,B,E,E,E,,RCV-IRV,,"3,3,4,1,5,2","0,5,0,2,5,2","4,1,0,1,5,3","5,5,2,5,4,3","1,2,0,2,0,4"
619,F,F,F,F,A,F,Plurality,,"2,0,1,4,4,5","4,0,3,1,3,3","1,1,5,4,5,5","1,4,1,3,0,4","5,1,5,5,1,3"
621,A,A,E,A,A,,RankedRobin,,"2,2,4,5,4,2","5,0,5,1,5,2","1,2,1,2,2,3","4,0,0,2,3,5","4,0,4,1,2,1"
622,E,A,E,B,A,,RCV-IRV|Approval|Plurality,,"2,5,4,4,2,0","4,0,1,2,4,1","2,4,1,0,2,4","2,2,1,0,2,0","2,0,5,0,4,5"
623,E,C,E,E,C,E,RCV-IRV|Plurality,,"3,0,2,4,4,0","2,3,2,4,4,5","1,0,5,1,5,2","2,0,5,2,5,2","3,4,5,2,4,1"
624,D,B,D,D,E,,RCV-IRV|Plurality,,"1,3,1,2,4,0","0,0,0,3,4,1","5,3,0,3,3,1","0,5,4,3,1,4","4,2,2,5,1,5"
626,F,A,F,D,A,F,RCV-IRV|Approval|Plurality,,"4,0,0,4,1,4","1,4,4,4,2,1","5,1,0,3,4,4","3,4,2,4,2,5","3,0,3,3,3,4"
630,E,A,E,A,A,E,RCV-IRV|Approval|Plurality,,"5,0,0,5,1,1","0,1,5,0,4,0","4,4,3,0,4,0","3,3,3,0,3,1","3,5,0,5,4,3"
631,F,F,F,C,A,F,Approval|Plurality,,"2,2,3,4,0,4","2,4,3,3,1,4","5,1,5,0,2,2","0,2,0,2,3,4","1,1,5,1,4,0"
632,D,D,D,B,D,D,Approval,,"3,5,1,2,2,4","1,1,5,4,4,0","1,4,1,5,4,1","1,1,1,4,1,3","4,3,4,2,1,0"
634,C,A,C,A,A,C,RCV-IRV|Approval|Plurality,,"0,0,2,2,4,4","5,2,2,0,0,1","2,2,4,5,4,0","3,5,4,1,0,2","5,0,5,0,5,1"
636,C,A,C,A,A,C,RCV-IRV|Approval|Plurality,,"5,1,5,5,3,3","3,3,3,4,5,2","4,0,1,1,1,4","0,4,5,3,2,4","3,1,5,1,2,2"
637,D,A,D,D,A,D,RCV-IRV|Plurality,,"2,5,1,3,4,2","2,1,0,2,0,0","1,2,4,5,4,1","5,0,0,5,1,0","5,0,0,3,2,0"
639,D,D,D,A,C,D,Approval|Plurality,,"3,1,2,5,2,0","3,1,4,2,0,0","0,2,0,2,4,3","3,0,4,4,0,0","5,5,4,5,3,0"
642,A,A,A,C,A,A,Approval,,"4,2,3,2,0,5","5,1,3,1,0,5","2,5,5,1,1,1","0,1,1,4,0,0","5,3,3,4,5,0"
643,B,B,B,A,B,B,Approval,,"4,5,0,4,3,3","4,5,1,5,1,1","4,5,3,4,1,0","4,4,3,3,3,2","5,4,3,0,1,4"
644,E,E,E,E,A,E,Plurality,,"0,2,0,0,2,5","2,2,1,0,5,5","2,0,4,5,4,3","5,1,3,1,5,2","2,4,5,4,4,4"
645,C,E,C,C,A,C,RCV-IRV|Plurality,,"4,1,4,1,1,0","1,1,4,1,3,1","2,3,3,0,4,0","4,0,4,2,2,0","1,3,2,5,3,0"
646,F,B,F,F,F,F,RCV-IRV,yes,"0,1,0,4,1,0","0,0,0,0,1,0","3,5,0,3,2,5","0,2,1,1,2,5","3,0,0,2,1,4"
647,F,B,E,C,D,,RCV-IRV|RankedRobin|Approval|Plurality,,"3,4,3,2,5,5","1,0,1,5,0,2","2,4,3,3,4,3","1,2,3,4,4,2","5,4,4,0,1,3"
648,B,B,B,A,C,,Approval|Plurality,,"3,3,4,4,2,2","4,2,5,1,0,2","1,5,2,2,3,2","1,4,1,5,1,3","4,2,0,0,5,4"
649,F,E,C,F,D,,RCV-IRV|RankedRobin|Plurality,,"0,1,2,3,1,0","3,1,4,5,1,4","1,2,4,3,5,3","3,5,1,0,0,4","2,4,2,0,5,3"
650,B,B,B,A,A,B,Approval|Plurality,,"3,4,2,4,1,5","3,5,4,4,1,1","4,4,2,4,1,0","5,2,4,4,2,3","3,4,3,2,0,0"
651,F,F,F,C,A,,Approval|Plurality,,"0,3,5,2,1,5","4,3,4,4,3,4","5,2,4,5,1,3","0,4,4,1,3,5","0,1,0,5,2,2"
652,B,B,B,B,A,,Plurality,yes,"2,4,5,3,2,1","3,1,0,1,5,4","1,3,1,1,1,4","3,0,1,1,3,0","1,5,2,5,2,4"
653,D,B,D,D,A,,RCV-IRV|Plurality,,"0,5,1,5,0,1","0,4,0,1,2,3","5,3,5,3,2,1","5,2,3,3,3,4","1,2,4,4,4,4"
654,C,C,C,A,A,C,Approval|Plurality,,"5,5,1,4,1,1","2,0,3,2,4,3","3,4,5,4,4,0","3,2,4,1,3,0","5,0,2,4,2,1"
658,E,E,E,E,A,,Plurality,,"1,0,5,0,3,4","5,1,5,5,5,2","0,2,2,4,5,4","3,1,0,2,4,5","4,1,4,3,2,0"
659,E,E,E,E,C,E,Plurality,,"0,4,1,3,4,5","3,4,0,3,5,2","0,2,4,1,4,4","5,2,1,3,3,1","0,3,5,2,3,1"
660,D,A,D,D,A,,RCV-IRV|Plurality,,"2,2,1,0,1,1","4,1,2,4,5,1","2,0,3,4,1,5","2,4,0,5,4,4","5,1,3,4,1,3"
661,C,A,C,B,A,,RCV-IRV|Approval|Plurality,,"5,4,3,1,2,2","4,2,4,3,4,4","1,3,2,0,1,1","0,3,3,1,0,5","4,3,5,5,0,4"
662,C,B,C,C,D,,RCV-IRV|Plurality,,"3,2,1,5,5,0","3,2,3,5,2,5","2,0,5,0,4,4","4,3,3,0,0,0","1,5,4,0,3,2"
663,D,D,D,F,D,,Approval,,"2,1,2,3,3,3","3,2,4,2,2,4","1,3,0,5,4,3","2,3,0,5,0,1","5,0,2,2,1,4"
664,D,B,D,D,B,D,RCV-IRV|Plurality,,"1,5,5,5,5,3","0,5,4,3,4,0","1,2,1,5,0,5","0,5,3,5,4,0","2,0,4,4,1,0"
665,C,C,C,C,D,,Plurality,,"2,4,4,3,0,4","4,0,1,5,0,1","2,0,5,2,1,2","1,0,4,5,3,5","5,5,3,0,0,3"
666,C,A,C,A,A,,RCV-IRV|Approval|Plurality,,"4,4,4,0,0,4","4,4,3,5,0,2","1,3,5,4,5,2","4,4,0,0,1,3","4,1,5,3,1,5"
667,F,B,F,B,B,F,RCV-IRV|Approval|Plurality,,"5,4,2,2,2,5","0,0,0,1,4,4","0,3,0,2,0,2","2,2,3,5,0,4","2,5,4,2,4,2"
669,C,C,C,B,C,C,Approval,,"4,3,4,2,0,1","1,5,2,1,0,1","4,0,5,5,4,4","0,0,5,2,3,4","0,4,1,5,1,3"
670,F,F,F,F,A,F,Plurality,,"5,5,0,4,2,4","0,2,1,4,0,5","0,5,1,0,1,3","1,1,5,0,1,4","4,0,0,4,2,4"
672,F,F,F,A,C,F,Approval|Plurality,,"4,1,5,5,0,2","5,3,2,2,3,3","3,3,0,0,1,4","0,1,0,4,5,4","0,0,3,2,0,2"
673,E,A,E,A,A,,RCV-IRV|Approval|Plurality,,"3,4,3,5,3,1","5,4,0,5,5,3","3,1,2,3,5,4","3,2,0,3,1,0","2,5,4,1,4,3"
674,D,A,E,A,B,,RCV-IRV|RankedRobin|Approval|Plurality,,"3,2,2,0,2,2","1,3,2,2,3,3","1,3,1,3,2,0","3,2,1,5,4,0","2,1,4,2,1,2"
676,F,A,F,A,A,F,RCV-IRV|Approval|Plurality,,"0,5,5,2,1,5","3,1,2,4,4,5","5,5,4,0,2,5","5,0,2,3,4,0","5,4,3,1,2,5"
677,C,C,C,B,C,,Approval,,"1,3,5,3,2,0","2,4,3,2,5,3","4,4,5,1,4,0","3,2,3,2,3,2","1,3,0,2,2,1"
678,F,F,F,F,A,F,Plurality,,"1,5,2,1,5,3","2,1,0,3,3,5","3,3,0,5,2,4","5,4,1,0,0,2","1,2,5,1,5,5"
679,C,B,C,C,B,C,RCV-IRV|Plurality,,"4,1,4,3,4,2","1,4,4,0,1,3","0,4,0,1,5,0","4,5,5,3,5,4","0,2,5,3,0,2"
680,E,E,E,E,C,E,Plurality,,"1,1,5,4,5,0","3,4,3,5,4,5","1,5,0,1,4,3","1,2,0,4,5,2","2,2,4,4,4,1"
681,B,A,B,A,A,B,RCV-IRV|Approval|Plurality,,"2,3,1,0,4,0","5,2,5,4,4,1","3,3,4,4,1,0","4,5,2,1,0,3","3,3,0,0,2,1"
683,D,A,D,A,A,D,RCV-IRV|Approval|Plurality,,"5,3,2,5,3,3","5,3,0,5,0,5","4,2,5,5,0,4","3,1,5,5,4,3","5,1,5,2,2,3"
684,D,A,F,A,A,,RCV-IRV|RankedRobin|Approval|Plurality,yes,"5,1,5,4,0,0","0,2,1,0,1,3","3,0,0,5,0,2","1,1,2,5,5,4","5,0,0,2,5,5"
685,D,B,D,A,B,D,RCV-IRV|Approval|Plurality,,"4,2,5,5,0,0","4,5,1,5,1,3","1,0,2,0,3,0","3,5,4,4,0,3","5,1,1,2,0,2"
686,D,D,D,D,A,,Plurality,,"0,4,0,1,2,3","2,0,1,1,2,4","4,2,4,5,2,0","2,0,5,3,4,2","5,0,2,5,0,2"
687,B,B,B,A,B,B,Approval,,"3,0,0,3,5,1","0,5,5,2,3,3","4,5,5,2,1,4","4,5,5,0,1,2","0,2,1,4,2,1"
688,F,F,F,A,A,F,Approval|Plurality,,"5,5,0,5,2,1","4,1,3,4,4,5","5,1,2,3,2,4","3,3,5,1,3,4","3,1,0,0,4,4"
689,B,B,B,D,B,B,Approval,,"1,5,0,3,2,1","2,3,5,1,0,2","2,1,0,4,3,4","4,0,0,4,4,1","1,5,0,4,3,3"
690,F,F,F,F,D,F,Plurality,,"5,2,0,0,3,4","0,1,0,4,4,5","3,2,0,5,3,5","2,2,3,2,3,3","1,3,1,4,2,4"
691,C,C,C,C,A,C,Plurality,,"5,5,5,3,3,1","0,0,5,0,0,4","5,1,4,4,2,0","4,1,5,4,1,3","0,5,2,1,0,0"
